{
    "V_m": -78.34069252014157,
    "V_th": -40.81622638112177,
    "g": 10.01015609797366,
    "E_L": -78.34069252014157,
    "C_m": 72.17678533188014,
    "t_ref": 2.5,
    "V_reset": -78.34069252014157,
    "asc_init": [
        0.0,
        0.0
    ],
    "asc_decay": [
        0.01,
        0.1
    ],
    "asc_amps": [
        -44.09690060799905,
        -207.14677030200403
    ],
    "tau_syn": [
        5.5,
        8.5,
        2.8,
        5.8
    ],
    "spike_dependent_threshold": false,
    "after_spike_currents": true,
    "adapting_threshold": false
}