{
    "V_m": -70.46393203735354,
    "V_th": -42.695494335490615,
    "g": 4.140307382038808,
    "E_L": -70.46393203735354,
    "C_m": 105.18114121774288,
    "t_ref": 1.75,
    "V_reset": -70.46393203735354,
    "asc_init": [
        0.0,
        0.0
    ],
    "asc_decay": [
        0.1,
        0.3
    ],
    "asc_amps": [
        -180.52233073844116,
        331.74862453398543
    ],
    "tau_syn": [
        5.5,
        8.5,
        2.8,
        5.8
    ],
    "spike_dependent_threshold": false,
    "after_spike_currents": true,
    "adapting_threshold": false
}