{
    "V_m": -77.98370361328125,
    "V_th": -44.98155795450532,
    "g": 5.955381992842421,
    "E_L": -77.98370361328125,
    "C_m": 67.37960012496536,
    "t_ref": 2.15,
    "V_reset": -77.98370361328125,
    "asc_init": [
        0.0,
        0.0
    ],
    "asc_decay": [
        0.1,
        0.3
    ],
    "asc_amps": [
        -94.37730280583466,
        286.2304737137721
    ],
    "tau_syn": [
        5.5,
        8.5,
        2.8,
        5.8
    ],
    "spike_dependent_threshold": false,
    "after_spike_currents": true,
    "adapting_threshold": false
}