{
    "V_m": -65.57615152994791,
    "V_th": -41.09453457622671,
    "g": 3.873053037628003,
    "E_L": -65.57615152994791,
    "C_m": 55.50796673670609,
    "t_ref": 2.65,
    "V_reset": -65.57615152994791,
    "asc_init": [
        0.0,
        0.0
    ],
    "asc_decay": [
        0.029999999999999992,
        0.3
    ],
    "asc_amps": [
        -27.95190645416869,
        -135.46734218429788
    ],
    "tau_syn": [
        5.5,
        8.5,
        2.8,
        5.8
    ],
    "spike_dependent_threshold": false,
    "after_spike_currents": true,
    "adapting_threshold": false
}