{
    "V_m": -78.94136619567871,
    "V_th": -48.410700922339444,
    "g": 6.714396603951286,
    "E_L": -78.94136619567871,
    "C_m": 137.61579547473008,
    "t_ref": 5.6,
    "V_reset": -78.94136619567871,
    "asc_init": [
        0.0,
        0.0
    ],
    "asc_decay": [
        0.029999999999999992,
        0.3
    ],
    "asc_amps": [
        -78.08377375729525,
        -1123.0496448150652
    ],
    "tau_syn": [
        5.5,
        8.5,
        2.8,
        5.8
    ],
    "spike_dependent_threshold": false,
    "after_spike_currents": true,
    "adapting_threshold": false
}