{
    "V_m": -77.48964436848956,
    "V_th": -36.65526170683823,
    "g": 7.7633817323387175,
    "E_L": -77.48964436848956,
    "C_m": 96.10668367333854,
    "t_ref": 2.5,
    "V_reset": -77.48964436848956,
    "asc_init": [
        0.0,
        0.0
    ],
    "asc_decay": [
        0.003,
        0.029999999999999992
    ],
    "asc_amps": [
        -7.478190147786809,
        -126.31021969960085
    ],
    "tau_syn": [
        5.5,
        8.5,
        2.8,
        5.8
    ],
    "spike_dependent_threshold": false,
    "after_spike_currents": true,
    "adapting_threshold": false
}