{
    "V_m": -66.92888132731122,
    "V_th": -39.19019386847455,
    "g": 8.83198949782961,
    "E_L": -66.92888132731122,
    "C_m": 59.74122556127248,
    "t_ref": 2.8,
    "V_reset": -66.92888132731122,
    "asc_init": [
        0.0,
        0.0
    ],
    "asc_decay": [
        0.003,
        0.1
    ],
    "asc_amps": [
        -12.09661945253461,
        -222.98404030276978
    ],
    "tau_syn": [
        5.5,
        8.5,
        2.8,
        5.8
    ],
    "spike_dependent_threshold": false,
    "after_spike_currents": true,
    "adapting_threshold": false
}