{
    "V_m": -69.59410095214847,
    "V_th": -42.63418769960886,
    "g": 3.8633769030085987,
    "E_L": -69.59410095214847,
    "C_m": 78.34623346912024,
    "t_ref": 2.15,
    "V_reset": -69.59410095214847,
    "asc_init": [
        0.0,
        0.0
    ],
    "asc_decay": [
        0.01,
        0.3
    ],
    "asc_amps": [
        -14.911897752147153,
        173.58474119847943
    ],
    "tau_syn": [
        5.5,
        8.5,
        2.8,
        5.8
    ],
    "spike_dependent_threshold": false,
    "after_spike_currents": true,
    "adapting_threshold": false
}