{
    "V_m": -73.44501304626465,
    "V_th": -39.66984847395444,
    "g": 2.9830485926958508,
    "E_L": -73.44501304626465,
    "C_m": 65.24988790746474,
    "t_ref": 1.9500000000000002,
    "V_reset": -73.44501304626465,
    "asc_init": [
        0.0,
        0.0
    ],
    "asc_decay": [
        0.1,
        0.3
    ],
    "asc_amps": [
        -75.95419804680161,
        308.93634456290613
    ],
    "tau_syn": [
        5.5,
        8.5,
        2.8,
        5.8
    ],
    "spike_dependent_threshold": false,
    "after_spike_currents": true,
    "adapting_threshold": false
}