{
    "V_m": -57.21228154500327,
    "V_th": -42.65623407837617,
    "g": 11.120757165022145,
    "E_L": -57.21228154500327,
    "C_m": 93.71948733981058,
    "t_ref": 4.1000000000000005,
    "V_reset": -57.21228154500327,
    "asc_init": [
        0.0,
        0.0
    ],
    "asc_decay": [
        0.003,
        0.1
    ],
    "asc_amps": [
        -12.734806107119114,
        -166.52187122400994
    ],
    "tau_syn": [
        5.5,
        8.5,
        2.8,
        5.8
    ],
    "spike_dependent_threshold": false,
    "after_spike_currents": true,
    "adapting_threshold": false
}