{
    "V_m": -70.69550323486328,
    "V_th": -40.725057231052375,
    "g": 7.475599749757139,
    "E_L": -70.69550323486328,
    "C_m": 58.668079815311614,
    "t_ref": 2.85,
    "V_reset": -70.69550323486328,
    "asc_init": [
        0.0,
        0.0
    ],
    "asc_decay": [
        0.01,
        0.1
    ],
    "asc_amps": [
        -31.77845466876421,
        -151.3877638272682
    ],
    "tau_syn": [
        5.5,
        8.5,
        2.8,
        5.8
    ],
    "spike_dependent_threshold": false,
    "after_spike_currents": true,
    "adapting_threshold": false
}