{
    "V_m": -75.27045059204104,
    "V_th": -43.72073503422935,
    "g": 8.12715682856353,
    "E_L": -75.27045059204104,
    "C_m": 52.42577467354453,
    "t_ref": 2.65,
    "V_reset": -75.27045059204104,
    "asc_init": [
        0.0,
        0.0
    ],
    "asc_decay": [
        0.01,
        0.1
    ],
    "asc_amps": [
        -46.05571208417473,
        -194.573937543971
    ],
    "tau_syn": [
        5.5,
        8.5,
        2.8,
        5.8
    ],
    "spike_dependent_threshold": false,
    "after_spike_currents": true,
    "adapting_threshold": false
}