{
    "V_m": -76.21061515808104,
    "V_th": -40.41627175575078,
    "g": 9.923768007761721,
    "E_L": -76.21061515808104,
    "C_m": 75.25285634446577,
    "t_ref": 2.7,
    "V_reset": -76.21061515808104,
    "asc_init": [
        0.0,
        0.0
    ],
    "asc_decay": [
        0.01,
        0.1
    ],
    "asc_amps": [
        -41.464093422941495,
        -233.58896861193907
    ],
    "tau_syn": [
        5.5,
        8.5,
        2.8,
        5.8
    ],
    "spike_dependent_threshold": false,
    "after_spike_currents": true,
    "adapting_threshold": false
}