{
    "V_m": -69.06732177734375,
    "V_th": -38.25196715199058,
    "g": 4.578557273404952,
    "E_L": -69.06732177734375,
    "C_m": 39.80004316632234,
    "t_ref": 3.7500000000000004,
    "V_reset": -69.06732177734375,
    "asc_init": [
        0.0,
        0.0
    ],
    "asc_decay": [
        0.003,
        0.1
    ],
    "asc_amps": [
        -5.8522680554525,
        -117.29782482249769
    ],
    "tau_syn": [
        5.5,
        8.5,
        2.8,
        5.8
    ],
    "spike_dependent_threshold": false,
    "after_spike_currents": true,
    "adapting_threshold": false
}