{
    "V_m": -67.57196807861325,
    "V_th": -39.684508048777396,
    "g": 2.513862621091776,
    "E_L": -67.57196807861325,
    "C_m": 62.84547467674679,
    "t_ref": 2.15,
    "V_reset": -67.57196807861325,
    "asc_init": [
        0.0,
        0.0
    ],
    "asc_decay": [
        0.1,
        0.3
    ],
    "asc_amps": [
        -137.4950311022791,
        472.5552702973892
    ],
    "tau_syn": [
        5.5,
        8.5,
        2.8,
        5.8
    ],
    "spike_dependent_threshold": false,
    "after_spike_currents": true,
    "adapting_threshold": false
}