{
    "V_m": -67.38218434651694,
    "V_th": -49.120571969006434,
    "g": 3.728322616881202,
    "E_L": -67.38218434651694,
    "C_m": 130.8823132717629,
    "t_ref": 3.1000000000000005,
    "V_reset": -67.38218434651694,
    "asc_init": [
        0.0,
        0.0
    ],
    "asc_decay": [
        0.1,
        0.3
    ],
    "asc_amps": [
        -266.0022539691792,
        392.2493999699607
    ],
    "tau_syn": [
        5.5,
        8.5,
        2.8,
        5.8
    ],
    "spike_dependent_threshold": false,
    "after_spike_currents": true,
    "adapting_threshold": false
}