{
    "V_m": -64.75098164876302,
    "V_th": -34.96854748262339,
    "g": 5.170749919877886,
    "E_L": -64.75098164876302,
    "C_m": 69.24686792095645,
    "t_ref": 2.5500000000000003,
    "V_reset": -64.75098164876302,
    "asc_init": [
        0.0,
        0.0
    ],
    "asc_decay": [
        0.003,
        0.1
    ],
    "asc_amps": [
        -4.291215929017254,
        -71.08746404635298
    ],
    "tau_syn": [
        5.5,
        8.5,
        2.8,
        5.8
    ],
    "spike_dependent_threshold": false,
    "after_spike_currents": true,
    "adapting_threshold": false
}