{
    "V_m": -77.71906280517577,
    "V_th": -39.42007161397027,
    "g": 6.72489524819262,
    "E_L": -77.71906280517577,
    "C_m": 107.11517674250281,
    "t_ref": 3.45,
    "V_reset": -77.71906280517577,
    "asc_init": [
        0.0,
        0.0
    ],
    "asc_decay": [
        0.003,
        0.1
    ],
    "asc_amps": [
        -15.457660657150791,
        -240.4490477675137
    ],
    "tau_syn": [
        5.5,
        8.5,
        2.8,
        5.8
    ],
    "spike_dependent_threshold": false,
    "after_spike_currents": true,
    "adapting_threshold": false
}