{
    "V_m": -73.94700876871744,
    "V_th": -46.8852931252494,
    "g": 6.09959806205269,
    "E_L": -73.94700876871744,
    "C_m": 149.4094484726568,
    "t_ref": 5.4,
    "V_reset": -73.94700876871744,
    "asc_init": [
        0.0,
        0.0
    ],
    "asc_decay": [
        0.01,
        0.1
    ],
    "asc_amps": [
        -25.206866420217676,
        -288.8913027801751
    ],
    "tau_syn": [
        5.5,
        8.5,
        2.8,
        5.8
    ],
    "spike_dependent_threshold": false,
    "after_spike_currents": true,
    "adapting_threshold": false
}