{
    "V_m": -72.38642628987631,
    "V_th": -38.87658783591035,
    "g": 6.239109904795402,
    "E_L": -72.38642628987631,
    "C_m": 96.0874930343872,
    "t_ref": 3.35,
    "V_reset": -72.38642628987631,
    "asc_init": [
        0.0,
        0.0
    ],
    "asc_decay": [
        0.003,
        0.029999999999999992
    ],
    "asc_amps": [
        -12.232066967795628,
        -80.05238983305857
    ],
    "tau_syn": [
        5.5,
        8.5,
        2.8,
        5.8
    ],
    "spike_dependent_threshold": false,
    "after_spike_currents": true,
    "adapting_threshold": false
}