{
    "V_m": -77.80298233032225,
    "V_th": -42.15992061577511,
    "g": 3.5620121003925562,
    "E_L": -77.80298233032225,
    "C_m": 85.09137200527958,
    "t_ref": 3.45,
    "V_reset": -77.80298233032225,
    "asc_init": [
        0.0,
        0.0
    ],
    "asc_decay": [
        0.01,
        0.3
    ],
    "asc_amps": [
        -26.849268560229874,
        -800.8698075839872
    ],
    "tau_syn": [
        5.5,
        8.5,
        2.8,
        5.8
    ],
    "spike_dependent_threshold": false,
    "after_spike_currents": true,
    "adapting_threshold": false
}