{
    "V_m": -76.26149749755858,
    "V_th": -52.51046379506334,
    "g": 4.837248591965167,
    "E_L": -76.26149749755858,
    "C_m": 38.51951759229166,
    "t_ref": 1.85,
    "V_reset": -76.26149749755858,
    "asc_init": [
        0.0,
        0.0
    ],
    "asc_decay": [
        0.003,
        0.1
    ],
    "asc_amps": [
        -2.438850719586669,
        -21.9122322052816
    ],
    "tau_syn": [
        5.5,
        8.5,
        2.8,
        5.8
    ],
    "spike_dependent_threshold": false,
    "after_spike_currents": true,
    "adapting_threshold": false
}