{
    "V_m": -77.27239227294923,
    "V_th": -44.67818677650627,
    "g": 5.568615041085398,
    "E_L": -77.27239227294923,
    "C_m": 91.45318914110126,
    "t_ref": 5.8500000000000005,
    "V_reset": -77.27239227294923,
    "asc_init": [
        0.0,
        0.0
    ],
    "asc_decay": [
        0.003,
        0.1
    ],
    "asc_amps": [
        -8.412330600529762,
        -299.618480209216
    ],
    "tau_syn": [
        5.5,
        8.5,
        2.8,
        5.8
    ],
    "spike_dependent_threshold": false,
    "after_spike_currents": true,
    "adapting_threshold": false
}