{
    "V_m": -79.6606788635254,
    "V_th": -48.03385687169415,
    "g": 2.466109047717801,
    "E_L": -79.6606788635254,
    "C_m": 85.95464379689192,
    "t_ref": 4.15,
    "V_reset": -79.6606788635254,
    "asc_init": [
        0.0,
        0.0
    ],
    "asc_decay": [
        0.01,
        0.1
    ],
    "asc_amps": [
        -17.10350110595709,
        -200.37169767623226
    ],
    "tau_syn": [
        5.5,
        8.5,
        2.8,
        5.8
    ],
    "spike_dependent_threshold": false,
    "after_spike_currents": true,
    "adapting_threshold": false
}