{
    "V_m": -70.63770802815756,
    "V_th": -47.68610088867065,
    "g": 1.765513218024882,
    "E_L": -70.63770802815756,
    "C_m": 91.43259877670043,
    "t_ref": 6.4,
    "V_reset": -70.63770802815756,
    "asc_init": [
        0.0,
        0.0
    ],
    "asc_decay": [
        0.003,
        0.1
    ],
    "asc_amps": [
        -4.033798882835838,
        -155.30574090988716
    ],
    "tau_syn": [
        5.5,
        8.5,
        2.8,
        5.8
    ],
    "spike_dependent_threshold": false,
    "after_spike_currents": true,
    "adapting_threshold": false
}