{
    "V_m": -75.65965779622397,
    "V_th": -41.134788132845856,
    "g": 3.5944407600007793,
    "E_L": -75.65965779622397,
    "C_m": 60.21301796897355,
    "t_ref": 1.5,
    "V_reset": -75.65965779622397,
    "asc_init": [
        0.0,
        0.0
    ],
    "asc_decay": [
        0.1,
        0.3
    ],
    "asc_amps": [
        -165.61790748151856,
        495.4673855793143
    ],
    "tau_syn": [
        5.5,
        8.5,
        2.8,
        5.8
    ],
    "spike_dependent_threshold": false,
    "after_spike_currents": true,
    "adapting_threshold": false
}