{
    "V_m": -68.49738502502441,
    "V_th": -45.208765855870666,
    "g": 6.736511725630319,
    "E_L": -68.49738502502441,
    "C_m": 150.7093573490288,
    "t_ref": 3.5,
    "V_reset": -68.49738502502441,
    "asc_init": [
        0.0,
        0.0
    ],
    "asc_decay": [
        0.029999999999999992,
        0.1
    ],
    "asc_amps": [
        -95.2656091954446,
        -120.43767039630514
    ],
    "tau_syn": [
        5.5,
        8.5,
        2.8,
        5.8
    ],
    "spike_dependent_threshold": false,
    "after_spike_currents": true,
    "adapting_threshold": false
}