{
    "V_m": -68.15512593587236,
    "V_th": -51.44320990150935,
    "g": 7.6038388387105735,
    "E_L": -68.15512593587236,
    "C_m": 185.51966705590763,
    "t_ref": 3.4000000000000004,
    "V_reset": -68.15512593587236,
    "asc_init": [
        0.0,
        0.0
    ],
    "asc_decay": [
        0.1,
        0.3
    ],
    "asc_amps": [
        -432.48922951341706,
        816.9406577268819
    ],
    "tau_syn": [
        5.5,
        8.5,
        2.8,
        5.8
    ],
    "spike_dependent_threshold": false,
    "after_spike_currents": true,
    "adapting_threshold": false
}