{
    "V_m": -70.9720687866211,
    "V_th": -44.5382588450613,
    "g": 8.053562855917763,
    "E_L": -70.9720687866211,
    "C_m": 66.40845291594586,
    "t_ref": 2.9000000000000004,
    "V_reset": -70.9720687866211,
    "asc_init": [
        0.0,
        0.0
    ],
    "asc_decay": [
        0.01,
        0.1
    ],
    "asc_amps": [
        -44.71486198085146,
        -184.5709841316637
    ],
    "tau_syn": [
        5.5,
        8.5,
        2.8,
        5.8
    ],
    "spike_dependent_threshold": false,
    "after_spike_currents": true,
    "adapting_threshold": false
}