{
    "V_m": -75.09759521484375,
    "V_th": -48.61767678980825,
    "g": 4.642550253540177,
    "E_L": -75.09759521484375,
    "C_m": 56.66164875473287,
    "t_ref": 3.95,
    "V_reset": -75.09759521484375,
    "asc_init": [
        0.0,
        0.0
    ],
    "asc_decay": [
        0.003,
        0.1
    ],
    "asc_amps": [
        -6.494107727485327,
        -154.3716620815457
    ],
    "tau_syn": [
        5.5,
        8.5,
        2.8,
        5.8
    ],
    "spike_dependent_threshold": false,
    "after_spike_currents": true,
    "adapting_threshold": false
}