{
    "V_m": -83.67879486083987,
    "V_th": -48.7289214839049,
    "g": 4.978585691663632,
    "E_L": -83.67879486083987,
    "C_m": 76.47778820288305,
    "t_ref": 2.65,
    "V_reset": -83.67879486083987,
    "asc_init": [
        0.0,
        0.0
    ],
    "asc_decay": [
        0.003,
        0.029999999999999992
    ],
    "asc_amps": [
        -6.789334748640232,
        -31.327360293529615
    ],
    "tau_syn": [
        5.5,
        8.5,
        2.8,
        5.8
    ],
    "spike_dependent_threshold": false,
    "after_spike_currents": true,
    "adapting_threshold": false
}