{
    "V_m": -78.65707778930665,
    "V_th": -48.83449132784204,
    "g": 5.9253819651447,
    "E_L": -78.65707778930665,
    "C_m": 106.09327334899751,
    "t_ref": 4.65,
    "V_reset": -78.65707778930665,
    "asc_init": [
        0.0,
        0.0
    ],
    "asc_decay": [
        0.003,
        0.029999999999999992
    ],
    "asc_amps": [
        -6.181770028922408,
        -111.25423778471041
    ],
    "tau_syn": [
        5.5,
        8.5,
        2.8,
        5.8
    ],
    "spike_dependent_threshold": false,
    "after_spike_currents": true,
    "adapting_threshold": false
}