{
    "V_m": -78.41145706176755,
    "V_th": -38.32770763248401,
    "g": 7.056492684309029,
    "E_L": -78.41145706176755,
    "C_m": 84.39628873645007,
    "t_ref": 3.3,
    "V_reset": -78.41145706176755,
    "asc_init": [
        0.0,
        0.0
    ],
    "asc_decay": [
        0.01,
        0.029999999999999992
    ],
    "asc_amps": [
        -65.79526518980747,
        -26.3047784089379
    ],
    "tau_syn": [
        5.5,
        8.5,
        2.8,
        5.8
    ],
    "spike_dependent_threshold": false,
    "after_spike_currents": true,
    "adapting_threshold": false
}