{
    "V_m": -71.08193016052249,
    "V_th": -47.35978043118501,
    "g": 6.160212675560851,
    "E_L": -71.08193016052249,
    "C_m": 131.43005821278808,
    "t_ref": 3.7500000000000004,
    "V_reset": -71.08193016052249,
    "asc_init": [
        0.0,
        0.0
    ],
    "asc_decay": [
        0.01,
        0.1
    ],
    "asc_amps": [
        -15.166912582033433,
        -281.0093100591829
    ],
    "tau_syn": [
        5.5,
        8.5,
        2.8,
        5.8
    ],
    "spike_dependent_threshold": false,
    "after_spike_currents": true,
    "adapting_threshold": false
}