{
    "V_m": -71.55166053771973,
    "V_th": -47.04665419954655,
    "g": 5.196011997429586,
    "E_L": -71.55166053771973,
    "C_m": 45.123659018542526,
    "t_ref": 1.7000000000000002,
    "V_reset": -71.55166053771973,
    "asc_init": [
        0.0,
        0.0
    ],
    "asc_decay": [
        0.1,
        0.3
    ],
    "asc_amps": [
        -110.25834648270146,
        191.8895833886485
    ],
    "tau_syn": [
        5.5,
        8.5,
        2.8,
        5.8
    ],
    "spike_dependent_threshold": false,
    "after_spike_currents": true,
    "adapting_threshold": false
}