{
    "V_m": -76.1608715057373,
    "V_th": -44.609011635808876,
    "g": 8.604515904122863,
    "E_L": -76.1608715057373,
    "C_m": 92.60049637204614,
    "t_ref": 2.8,
    "V_reset": -76.1608715057373,
    "asc_init": [
        0.0,
        0.0
    ],
    "asc_decay": [
        0.01,
        0.3
    ],
    "asc_amps": [
        -16.48375954583747,
        147.3992343423475
    ],
    "tau_syn": [
        5.5,
        8.5,
        2.8,
        5.8
    ],
    "spike_dependent_threshold": false,
    "after_spike_currents": true,
    "adapting_threshold": false
}