{
    "V_m": -71.66891670227052,
    "V_th": -36.895948208185224,
    "g": 6.918458745088385,
    "E_L": -71.66891670227052,
    "C_m": 75.47550239177608,
    "t_ref": 3.0500000000000003,
    "V_reset": -71.66891670227052,
    "asc_init": [
        0.0,
        0.0
    ],
    "asc_decay": [
        0.003,
        0.029999999999999992
    ],
    "asc_amps": [
        -12.381884913816426,
        -108.7229947676591
    ],
    "tau_syn": [
        5.5,
        8.5,
        2.8,
        5.8
    ],
    "spike_dependent_threshold": false,
    "after_spike_currents": true,
    "adapting_threshold": false
}