{
    "V_m": -79.65872955322264,
    "V_th": -46.03778249659807,
    "g": 9.774266185082745,
    "E_L": -79.65872955322264,
    "C_m": 124.02277905437393,
    "t_ref": 4.6,
    "V_reset": -79.65872955322264,
    "asc_init": [
        0.0,
        0.0
    ],
    "asc_decay": [
        0.003,
        0.1
    ],
    "asc_amps": [
        -13.710762825025727,
        -299.1365069010392
    ],
    "tau_syn": [
        5.5,
        8.5,
        2.8,
        5.8
    ],
    "spike_dependent_threshold": false,
    "after_spike_currents": true,
    "adapting_threshold": false
}