{
    "V_m": -73.6231098175049,
    "V_th": -42.62740060872945,
    "g": 9.11284699040746,
    "E_L": -73.6231098175049,
    "C_m": 71.51302500501745,
    "t_ref": 2.5,
    "V_reset": -73.6231098175049,
    "asc_init": [
        0.0,
        0.0
    ],
    "asc_decay": [
        0.003,
        0.01
    ],
    "asc_amps": [
        -6.697847781473533,
        6.5261926942346
    ],
    "tau_syn": [
        5.5,
        8.5,
        2.8,
        5.8
    ],
    "spike_dependent_threshold": false,
    "after_spike_currents": true,
    "adapting_threshold": false
}