{
    "V_m": -72.13795725504556,
    "V_th": -46.55145576476839,
    "g": 8.397838942401743,
    "E_L": -72.13795725504556,
    "C_m": 91.13809762200987,
    "t_ref": 6.0,
    "V_reset": -72.13795725504556,
    "asc_init": [
        0.0,
        0.0
    ],
    "asc_decay": [
        0.01,
        0.1
    ],
    "asc_amps": [
        -37.38400154066444,
        -198.67904517921173
    ],
    "tau_syn": [
        5.5,
        8.5,
        2.8,
        5.8
    ],
    "spike_dependent_threshold": false,
    "after_spike_currents": true,
    "adapting_threshold": false
}