{
    "V_m": -72.0521825154622,
    "V_th": -33.647064159954056,
    "g": 3.3670045269622917,
    "E_L": -72.0521825154622,
    "C_m": 54.73791229493034,
    "t_ref": 4.3500000000000005,
    "V_reset": -72.0521825154622,
    "asc_init": [
        0.0,
        0.0
    ],
    "asc_decay": [
        0.01,
        0.029999999999999992
    ],
    "asc_amps": [
        -21.562357200342383,
        -31.779833458540814
    ],
    "tau_syn": [
        5.5,
        8.5,
        2.8,
        5.8
    ],
    "spike_dependent_threshold": false,
    "after_spike_currents": true,
    "adapting_threshold": false
}