{
    "V_m": -79.36466471354169,
    "V_th": -38.40304583690177,
    "g": 8.635255878625376,
    "E_L": -79.36466471354169,
    "C_m": 120.02207382526356,
    "t_ref": 3.7,
    "V_reset": -79.36466471354169,
    "asc_init": [
        0.0,
        0.0
    ],
    "asc_decay": [
        0.01,
        0.3
    ],
    "asc_amps": [
        -97.44039597794445,
        118.73754729539208
    ],
    "tau_syn": [
        5.5,
        8.5,
        2.8,
        5.8
    ],
    "spike_dependent_threshold": false,
    "after_spike_currents": true,
    "adapting_threshold": false
}