{
    "V_m": -78.50889396667482,
    "V_th": -49.534754387643915,
    "g": 2.0334133270904835,
    "E_L": -78.50889396667482,
    "C_m": 53.13445339319315,
    "t_ref": 3.0500000000000003,
    "V_reset": -78.50889396667482,
    "asc_init": [
        0.0,
        0.0
    ],
    "asc_decay": [
        0.003,
        0.3
    ],
    "asc_amps": [
        -3.111323829656264,
        87.25490213613294
    ],
    "tau_syn": [
        5.5,
        8.5,
        2.8,
        5.8
    ],
    "spike_dependent_threshold": false,
    "after_spike_currents": true,
    "adapting_threshold": false
}