{
    "V_m": -75.34797286987305,
    "V_th": -45.11281211536087,
    "g": 10.181673765273066,
    "E_L": -75.34797286987305,
    "C_m": 142.42390883439268,
    "t_ref": 3.4000000000000004,
    "V_reset": -75.34797286987305,
    "asc_init": [
        0.0,
        0.0
    ],
    "asc_decay": [
        0.003,
        0.1
    ],
    "asc_amps": [
        -11.652310817715572,
        -225.11002150701668
    ],
    "tau_syn": [
        5.5,
        8.5,
        2.8,
        5.8
    ],
    "spike_dependent_threshold": false,
    "after_spike_currents": true,
    "adapting_threshold": false
}