{
    "V_m": -74.09417343139647,
    "V_th": -40.81639313154222,
    "g": 2.9736239889719456,
    "E_L": -74.09417343139647,
    "C_m": 53.966684294716224,
    "t_ref": 4.500000000000001,
    "V_reset": -74.09417343139647,
    "asc_init": [
        0.0,
        0.0
    ],
    "asc_decay": [
        0.003,
        0.029999999999999992
    ],
    "asc_amps": [
        -4.95974672711201,
        -21.863745092935538
    ],
    "tau_syn": [
        5.5,
        8.5,
        2.8,
        5.8
    ],
    "spike_dependent_threshold": false,
    "after_spike_currents": true,
    "adapting_threshold": false
}