{
    "V_m": -75.45793724060057,
    "V_th": -45.42436970135583,
    "g": 2.677081331316185,
    "E_L": -75.45793724060057,
    "C_m": 48.335270328601865,
    "t_ref": 3.7,
    "V_reset": -75.45793724060057,
    "asc_init": [
        0.0,
        0.0
    ],
    "asc_decay": [
        0.003,
        0.1
    ],
    "asc_amps": [
        -2.456981693427064,
        -22.280113991193062
    ],
    "tau_syn": [
        5.5,
        8.5,
        2.8,
        5.8
    ],
    "spike_dependent_threshold": false,
    "after_spike_currents": true,
    "adapting_threshold": false
}