{
    "V_m": -65.84035491943358,
    "V_th": -49.95008524254533,
    "g": 1.8513680844739744,
    "E_L": -65.84035491943358,
    "C_m": 46.45648260489496,
    "t_ref": 4.1000000000000005,
    "V_reset": -65.84035491943358,
    "asc_init": [
        0.0,
        0.0
    ],
    "asc_decay": [
        0.003,
        0.1
    ],
    "asc_amps": [
        -2.968448356481408,
        -48.48830867178709
    ],
    "tau_syn": [
        5.5,
        8.5,
        2.8,
        5.8
    ],
    "spike_dependent_threshold": false,
    "after_spike_currents": true,
    "adapting_threshold": false
}