{
    "V_m": -72.74802398681646,
    "V_th": -44.87953135757226,
    "g": 4.331273827827965,
    "E_L": -72.74802398681646,
    "C_m": 59.4392028566826,
    "t_ref": 3.95,
    "V_reset": -72.74802398681646,
    "asc_init": [
        0.0,
        0.0
    ],
    "asc_decay": [
        0.01,
        0.1
    ],
    "asc_amps": [
        -19.26394592955853,
        -126.2351235893353
    ],
    "tau_syn": [
        5.5,
        8.5,
        2.8,
        5.8
    ],
    "spike_dependent_threshold": false,
    "after_spike_currents": true,
    "adapting_threshold": false
}