{
    "V_m": -67.43809763590492,
    "V_th": -42.395245936974035,
    "g": 4.656085624948647,
    "E_L": -67.43809763590492,
    "C_m": 64.12653160102403,
    "t_ref": 4.15,
    "V_reset": -67.43809763590492,
    "asc_init": [
        0.0,
        0.0
    ],
    "asc_decay": [
        0.01,
        0.1
    ],
    "asc_amps": [
        -25.62027931210777,
        -96.51090024323514
    ],
    "tau_syn": [
        5.5,
        8.5,
        2.8,
        5.8
    ],
    "spike_dependent_threshold": false,
    "after_spike_currents": true,
    "adapting_threshold": false
}