{
    "V_m": -73.5267868041992,
    "V_th": -43.89008055602733,
    "g": 4.919809377981428,
    "E_L": -73.5267868041992,
    "C_m": 60.98299872840812,
    "t_ref": 5.200000000000001,
    "V_reset": -73.5267868041992,
    "asc_init": [
        0.0,
        0.0
    ],
    "asc_decay": [
        0.01,
        0.1
    ],
    "asc_amps": [
        -19.09428153358689,
        -151.44433438779856
    ],
    "tau_syn": [
        5.5,
        8.5,
        2.8,
        5.8
    ],
    "spike_dependent_threshold": false,
    "after_spike_currents": true,
    "adapting_threshold": false
}