{
    "V_m": -77.8145751953125,
    "V_th": -46.905033571657896,
    "g": 6.5062266623143366,
    "E_L": -77.8145751953125,
    "C_m": 84.84435504152692,
    "t_ref": 5.25,
    "V_reset": -77.8145751953125,
    "asc_init": [
        0.0,
        0.0
    ],
    "asc_decay": [
        0.01,
        0.1
    ],
    "asc_amps": [
        -23.20417315429424,
        -186.48662496263424
    ],
    "tau_syn": [
        5.5,
        8.5,
        2.8,
        5.8
    ],
    "spike_dependent_threshold": false,
    "after_spike_currents": true,
    "adapting_threshold": false
}