{
    "V_m": -65.43943023681639,
    "V_th": -42.73574876931805,
    "g": 7.178996096346103,
    "E_L": -65.43943023681639,
    "C_m": 74.48079699115058,
    "t_ref": 4.7,
    "V_reset": -65.43943023681639,
    "asc_init": [
        0.0,
        0.0
    ],
    "asc_decay": [
        0.01,
        0.1
    ],
    "asc_amps": [
        -20.37654642345568,
        -104.57141377574573
    ],
    "tau_syn": [
        5.5,
        8.5,
        2.8,
        5.8
    ],
    "spike_dependent_threshold": false,
    "after_spike_currents": true,
    "adapting_threshold": false
}