{
    "V_m": -76.46389389038086,
    "V_th": -44.051372245955534,
    "g": 4.580049865087134,
    "E_L": -76.46389389038086,
    "C_m": 49.227505534672815,
    "t_ref": 4.0,
    "V_reset": -76.46389389038086,
    "asc_init": [
        0.0,
        0.0
    ],
    "asc_decay": [
        0.029999999999999992,
        0.3
    ],
    "asc_amps": [
        -58.039233152351315,
        204.45692707956482
    ],
    "tau_syn": [
        5.5,
        8.5,
        2.8,
        5.8
    ],
    "spike_dependent_threshold": false,
    "after_spike_currents": true,
    "adapting_threshold": false
}