{
    "V_m": -68.58312034606932,
    "V_th": -40.288508915798275,
    "g": 2.903350639080835,
    "E_L": -68.58312034606932,
    "C_m": 51.55827787513585,
    "t_ref": 3.35,
    "V_reset": -68.58312034606932,
    "asc_init": [
        0.0,
        0.0
    ],
    "asc_decay": [
        0.029999999999999992,
        0.1
    ],
    "asc_amps": [
        -69.94496328794773,
        -25.61804757127391
    ],
    "tau_syn": [
        5.5,
        8.5,
        2.8,
        5.8
    ],
    "spike_dependent_threshold": false,
    "after_spike_currents": true,
    "adapting_threshold": false
}