{
    "V_m": -73.28486378987631,
    "V_th": -40.165440177482566,
    "g": 2.6246546079480297,
    "E_L": -73.28486378987631,
    "C_m": 50.726147541557374,
    "t_ref": 4.65,
    "V_reset": -73.28486378987631,
    "asc_init": [
        0.0,
        0.0
    ],
    "asc_decay": [
        0.029999999999999992,
        0.3
    ],
    "asc_amps": [
        -72.71011264972145,
        -118.76009756836633
    ],
    "tau_syn": [
        5.5,
        8.5,
        2.8,
        5.8
    ],
    "spike_dependent_threshold": false,
    "after_spike_currents": true,
    "adapting_threshold": false
}