{
    "V_m": -70.82528177897136,
    "V_th": -42.78400512979354,
    "g": 3.828476119652355,
    "E_L": -70.82528177897136,
    "C_m": 69.06527469624342,
    "t_ref": 3.0,
    "V_reset": -70.82528177897136,
    "asc_init": [
        0.0,
        0.0
    ],
    "asc_decay": [
        0.1,
        0.3
    ],
    "asc_amps": [
        -79.63020463940607,
        374.6482092897087
    ],
    "tau_syn": [
        5.5,
        8.5,
        2.8,
        5.8
    ],
    "spike_dependent_threshold": false,
    "after_spike_currents": true,
    "adapting_threshold": false
}