{
    "V_m": -73.30354309082034,
    "V_th": -44.058047072255206,
    "g": 7.40129830490594,
    "E_L": -73.30354309082034,
    "C_m": 95.31411439732497,
    "t_ref": 4.0,
    "V_reset": -73.30354309082034,
    "asc_init": [
        0.0,
        0.0
    ],
    "asc_decay": [
        0.01,
        0.1
    ],
    "asc_amps": [
        -30.523646712074722,
        -198.1939933457512
    ],
    "tau_syn": [
        5.5,
        8.5,
        2.8,
        5.8
    ],
    "spike_dependent_threshold": false,
    "after_spike_currents": true,
    "adapting_threshold": false
}