{
    "V_m": -76.58317565917967,
    "V_th": -45.26519618907872,
    "g": 3.6102170519916905,
    "E_L": -76.58317565917967,
    "C_m": 97.00459097707204,
    "t_ref": 6.4,
    "V_reset": -76.58317565917967,
    "asc_init": [
        0.0,
        0.0
    ],
    "asc_decay": [
        0.01,
        0.1
    ],
    "asc_amps": [
        -36.74413343738061,
        -151.79479110947594
    ],
    "tau_syn": [
        5.5,
        8.5,
        2.8,
        5.8
    ],
    "spike_dependent_threshold": false,
    "after_spike_currents": true,
    "adapting_threshold": false
}