{
    "V_m": -75.8426513671875,
    "V_th": -51.78811387006114,
    "g": 2.4063215956677504,
    "E_L": -75.8426513671875,
    "C_m": 70.10909777660889,
    "t_ref": 5.3,
    "V_reset": -75.8426513671875,
    "asc_init": [
        0.0,
        0.0
    ],
    "asc_decay": [
        0.003,
        0.1
    ],
    "asc_amps": [
        -1.5147479793187195,
        -167.74241703739563
    ],
    "tau_syn": [
        5.5,
        8.5,
        2.8,
        5.8
    ],
    "spike_dependent_threshold": false,
    "after_spike_currents": true,
    "adapting_threshold": false
}