{
    "V_m": -72.25596237182614,
    "V_th": -46.17366242580887,
    "g": 5.832108087876921,
    "E_L": -72.25596237182614,
    "C_m": 92.57760011003758,
    "t_ref": 6.6,
    "V_reset": -72.25596237182614,
    "asc_init": [
        0.0,
        0.0
    ],
    "asc_decay": [
        0.01,
        0.1
    ],
    "asc_amps": [
        -35.895599073781234,
        -175.24529734810218
    ],
    "tau_syn": [
        5.5,
        8.5,
        2.8,
        5.8
    ],
    "spike_dependent_threshold": false,
    "after_spike_currents": true,
    "adapting_threshold": false
}