{
    "V_m": -74.5240961710612,
    "V_th": -43.51316337823451,
    "g": 7.2318718980190795,
    "E_L": -74.5240961710612,
    "C_m": 100.30764749385916,
    "t_ref": 3.95,
    "V_reset": -74.5240961710612,
    "asc_init": [
        0.0,
        0.0
    ],
    "asc_decay": [
        0.01,
        0.1
    ],
    "asc_amps": [
        -34.745106981113636,
        -129.56672968629744
    ],
    "tau_syn": [
        5.5,
        8.5,
        2.8,
        5.8
    ],
    "spike_dependent_threshold": false,
    "after_spike_currents": true,
    "adapting_threshold": false
}