{
    "V_m": -66.67684745788573,
    "V_th": -42.29918818068094,
    "g": 4.988633197442065,
    "E_L": -66.67684745788573,
    "C_m": 99.34186066997005,
    "t_ref": 8.35,
    "V_reset": -66.67684745788573,
    "asc_init": [
        0.0,
        0.0
    ],
    "asc_decay": [
        0.01,
        0.1
    ],
    "asc_amps": [
        -13.90624061138976,
        -162.45582790620335
    ],
    "tau_syn": [
        5.5,
        8.5,
        2.8,
        5.8
    ],
    "spike_dependent_threshold": false,
    "after_spike_currents": true,
    "adapting_threshold": false
}