{
    "V_m": -59.76992702484132,
    "V_th": -41.831014721173275,
    "g": 1.603161897222214,
    "E_L": -59.76992702484132,
    "C_m": 44.45720992173612,
    "t_ref": 3.1000000000000005,
    "V_reset": -59.76992702484132,
    "asc_init": [
        0.0,
        0.0
    ],
    "asc_decay": [
        0.003,
        0.01
    ],
    "asc_amps": [
        -3.4185675524875982,
        3.2022535461525004
    ],
    "tau_syn": [
        5.5,
        8.5,
        2.8,
        5.8
    ],
    "spike_dependent_threshold": false,
    "after_spike_currents": true,
    "adapting_threshold": false
}