{
    "V_m": -73.91246223449707,
    "V_th": -39.73558189860572,
    "g": 4.31509681664053,
    "E_L": -73.91246223449707,
    "C_m": 60.1101826786925,
    "t_ref": 4.3500000000000005,
    "V_reset": -73.91246223449707,
    "asc_init": [
        0.0,
        0.0
    ],
    "asc_decay": [
        0.029999999999999992,
        0.3
    ],
    "asc_amps": [
        -119.14035454709803,
        -109.4377426823383
    ],
    "tau_syn": [
        5.5,
        8.5,
        2.8,
        5.8
    ],
    "spike_dependent_threshold": false,
    "after_spike_currents": true,
    "adapting_threshold": false
}