{
    "V_m": -71.36650657653807,
    "V_th": -34.87263469664574,
    "g": 7.065368147142949,
    "E_L": -71.36650657653807,
    "C_m": 92.87250848631754,
    "t_ref": 6.45,
    "V_reset": -71.36650657653807,
    "asc_init": [
        0.0,
        0.0
    ],
    "asc_decay": [
        0.003,
        0.029999999999999992
    ],
    "asc_amps": [
        -29.011272004805512,
        -153.62566502234156
    ],
    "tau_syn": [
        5.5,
        8.5,
        2.8,
        5.8
    ],
    "spike_dependent_threshold": false,
    "after_spike_currents": true,
    "adapting_threshold": false
}