{
    "V_m": -61.51159922281901,
    "V_th": -36.613272092563875,
    "g": 4.19238961224254,
    "E_L": -61.51159922281901,
    "C_m": 60.4027435793467,
    "t_ref": 3.9000000000000004,
    "V_reset": -61.51159922281901,
    "asc_init": [
        0.0,
        0.0
    ],
    "asc_decay": [
        0.029999999999999992,
        0.3
    ],
    "asc_amps": [
        -111.67692562286453,
        -109.67071613855842
    ],
    "tau_syn": [
        5.5,
        8.5,
        2.8,
        5.8
    ],
    "spike_dependent_threshold": false,
    "after_spike_currents": true,
    "adapting_threshold": false
}