{
    "V_m": -59.34351539611815,
    "V_th": -37.69181018937568,
    "g": 4.659628180627964,
    "E_L": -59.34351539611815,
    "C_m": 53.53001976662723,
    "t_ref": 4.95,
    "V_reset": -59.34351539611815,
    "asc_init": [
        0.0,
        0.0
    ],
    "asc_decay": [
        0.029999999999999992,
        0.3
    ],
    "asc_amps": [
        -77.69383344190292,
        -106.26080993817433
    ],
    "tau_syn": [
        5.5,
        8.5,
        2.8,
        5.8
    ],
    "spike_dependent_threshold": false,
    "after_spike_currents": true,
    "adapting_threshold": false
}