{
    "V_m": -79.34313201904295,
    "V_th": -46.22320928577541,
    "g": 5.467686631964714,
    "E_L": -79.34313201904295,
    "C_m": 66.68117057976029,
    "t_ref": 3.85,
    "V_reset": -79.34313201904295,
    "asc_init": [
        0.0,
        0.0
    ],
    "asc_decay": [
        0.029999999999999992,
        0.3
    ],
    "asc_amps": [
        -112.6881549824738,
        -187.77675245508078
    ],
    "tau_syn": [
        5.5,
        8.5,
        2.8,
        5.8
    ],
    "spike_dependent_threshold": false,
    "after_spike_currents": true,
    "adapting_threshold": false
}