{
    "V_m": -73.65960121154785,
    "V_th": -42.86968804557553,
    "g": 3.413252234456999,
    "E_L": -73.65960121154785,
    "C_m": 44.576092059696926,
    "t_ref": 4.2,
    "V_reset": -73.65960121154785,
    "asc_init": [
        0.0,
        0.0
    ],
    "asc_decay": [
        0.003,
        0.1
    ],
    "asc_amps": [
        3.1395447493403466,
        -36.6145791930882
    ],
    "tau_syn": [
        5.5,
        8.5,
        2.8,
        5.8
    ],
    "spike_dependent_threshold": false,
    "after_spike_currents": true,
    "adapting_threshold": false
}