{
    "V_m": -73.51032638549806,
    "V_th": -46.94255051324831,
    "g": 8.658065481219214,
    "E_L": -73.51032638549806,
    "C_m": 67.69193248403334,
    "t_ref": 1.7000000000000002,
    "V_reset": -73.51032638549806,
    "asc_init": [
        0.0,
        0.0
    ],
    "asc_decay": [
        0.003,
        0.3
    ],
    "asc_amps": [
        -2.0423179827615683,
        -306.54393426330364
    ],
    "tau_syn": [
        5.5,
        8.5,
        2.8,
        5.8
    ],
    "spike_dependent_threshold": false,
    "after_spike_currents": true,
    "adapting_threshold": false
}