{
    "V_m": -66.11057281494143,
    "V_th": -53.92039337460477,
    "g": 4.113353065199334,
    "E_L": -66.11057281494143,
    "C_m": 65.2637872242065,
    "t_ref": 2.35,
    "V_reset": -66.11057281494143,
    "asc_init": [
        0.0,
        0.0
    ],
    "asc_decay": [
        0.003,
        0.3
    ],
    "asc_amps": [
        -0.42877287413137716,
        -165.94846706677447
    ],
    "tau_syn": [
        5.5,
        8.5,
        2.8,
        5.8
    ],
    "spike_dependent_threshold": false,
    "after_spike_currents": true,
    "adapting_threshold": false
}