{
    "V_m": -77.5787353515625,
    "V_th": -40.89311929290255,
    "g": 5.0497617720465335,
    "E_L": -77.5787353515625,
    "C_m": 71.75799776056812,
    "t_ref": 3.65,
    "V_reset": -77.5787353515625,
    "asc_init": [
        0.0,
        0.0
    ],
    "asc_decay": [
        0.01,
        0.1
    ],
    "asc_amps": [
        -24.791021334883748,
        -170.98794356255073
    ],
    "tau_syn": [
        5.5,
        8.5,
        2.8,
        5.8
    ],
    "spike_dependent_threshold": false,
    "after_spike_currents": true,
    "adapting_threshold": false
}