{
    "V_m": -69.80989074707033,
    "V_th": -43.863799766538165,
    "g": 1.2992100093209515,
    "E_L": -69.80989074707033,
    "C_m": 48.12943049194891,
    "t_ref": 3.2,
    "V_reset": -69.80989074707033,
    "asc_init": [
        0.0,
        0.0
    ],
    "asc_decay": [
        0.029999999999999992,
        0.3
    ],
    "asc_amps": [
        -9.132936667644222,
        106.95130179691715
    ],
    "tau_syn": [
        5.5,
        8.5,
        2.8,
        5.8
    ],
    "spike_dependent_threshold": false,
    "after_spike_currents": true,
    "adapting_threshold": false
}