{
    "V_m": -73.9889653523763,
    "V_th": -49.04225105712803,
    "g": 3.8991696666658955,
    "E_L": -73.9889653523763,
    "C_m": 61.526184811584535,
    "t_ref": 3.0,
    "V_reset": -73.9889653523763,
    "asc_init": [
        0.0,
        0.0
    ],
    "asc_decay": [
        0.003,
        0.1
    ],
    "asc_amps": [
        -4.329613236648999,
        -94.09501575663073
    ],
    "tau_syn": [
        5.5,
        8.5,
        2.8,
        5.8
    ],
    "spike_dependent_threshold": false,
    "after_spike_currents": true,
    "adapting_threshold": false
}