{
    "V_m": -72.1092338562012,
    "V_th": -45.79661395029562,
    "g": 6.586927601688356,
    "E_L": -72.1092338562012,
    "C_m": 103.75793564461486,
    "t_ref": 6.200000000000001,
    "V_reset": -72.1092338562012,
    "asc_init": [
        0.0,
        0.0
    ],
    "asc_decay": [
        0.01,
        0.1
    ],
    "asc_amps": [
        -40.29862576058449,
        -185.53886648009686
    ],
    "tau_syn": [
        5.5,
        8.5,
        2.8,
        5.8
    ],
    "spike_dependent_threshold": false,
    "after_spike_currents": true,
    "adapting_threshold": false
}