{
    "V_m": -67.15166727701822,
    "V_th": -45.66130043302745,
    "g": 3.2568619561031964,
    "E_L": -67.15166727701822,
    "C_m": 90.55291501093654,
    "t_ref": 4.1000000000000005,
    "V_reset": -67.15166727701822,
    "asc_init": [
        0.0,
        0.0
    ],
    "asc_decay": [
        0.003,
        0.029999999999999992
    ],
    "asc_amps": [
        -3.900063115114979,
        -61.912584498323085
    ],
    "tau_syn": [
        5.5,
        8.5,
        2.8,
        5.8
    ],
    "spike_dependent_threshold": false,
    "after_spike_currents": true,
    "adapting_threshold": false
}