{
    "V_m": -71.70699055989584,
    "V_th": -37.59712818372862,
    "g": 5.1675950713227055,
    "E_L": -71.70699055989584,
    "C_m": 90.18414029687051,
    "t_ref": 3.85,
    "V_reset": -71.70699055989584,
    "asc_init": [
        0.0,
        0.0
    ],
    "asc_decay": [
        0.029999999999999992,
        0.3
    ],
    "asc_amps": [
        -45.869019726353415,
        201.19293674159871
    ],
    "tau_syn": [
        5.5,
        8.5,
        2.8,
        5.8
    ],
    "spike_dependent_threshold": false,
    "after_spike_currents": true,
    "adapting_threshold": false
}