{
    "V_m": -72.85792732238768,
    "V_th": -42.28865568966209,
    "g": 4.6021139813176255,
    "E_L": -72.85792732238768,
    "C_m": 67.64373921534099,
    "t_ref": 3.5,
    "V_reset": -72.85792732238768,
    "asc_init": [
        0.0,
        0.0
    ],
    "asc_decay": [
        0.003,
        0.029999999999999992
    ],
    "asc_amps": [
        -6.3900622614320834,
        -49.235147356832464
    ],
    "tau_syn": [
        5.5,
        8.5,
        2.8,
        5.8
    ],
    "spike_dependent_threshold": false,
    "after_spike_currents": true,
    "adapting_threshold": false
}