{
    "V_m": -75.29754829406743,
    "V_th": -40.303883870568384,
    "g": 6.5032472511691255,
    "E_L": -75.29754829406743,
    "C_m": 54.867051606346216,
    "t_ref": 3.9000000000000004,
    "V_reset": -75.29754829406743,
    "asc_init": [
        0.0,
        0.0
    ],
    "asc_decay": [
        0.01,
        0.1
    ],
    "asc_amps": [
        -28.320812220115684,
        -13.376563455989697
    ],
    "tau_syn": [
        5.5,
        8.5,
        2.8,
        5.8
    ],
    "spike_dependent_threshold": false,
    "after_spike_currents": true,
    "adapting_threshold": false
}