{
    "V_m": -75.16559092203772,
    "V_th": -39.8425546347519,
    "g": 6.809430198091589,
    "E_L": -75.16559092203772,
    "C_m": 85.67235062252301,
    "t_ref": 3.15,
    "V_reset": -75.16559092203772,
    "asc_init": [
        0.0,
        0.0
    ],
    "asc_decay": [
        0.003,
        0.029999999999999992
    ],
    "asc_amps": [
        -18.528335940920666,
        -32.724615432514035
    ],
    "tau_syn": [
        5.5,
        8.5,
        2.8,
        5.8
    ],
    "spike_dependent_threshold": false,
    "after_spike_currents": true,
    "adapting_threshold": false
}