{
    "V_m": -68.37626902262372,
    "V_th": -38.15001389633959,
    "g": 4.755598792544328,
    "E_L": -68.37626902262372,
    "C_m": 66.56501225638495,
    "t_ref": 3.4000000000000004,
    "V_reset": -68.37626902262372,
    "asc_init": [
        0.0,
        0.0
    ],
    "asc_decay": [
        0.029999999999999992,
        0.3
    ],
    "asc_amps": [
        -103.74960860420214,
        -319.03823525547546
    ],
    "tau_syn": [
        5.5,
        8.5,
        2.8,
        5.8
    ],
    "spike_dependent_threshold": false,
    "after_spike_currents": true,
    "adapting_threshold": false
}