{
    "V_m": -76.50659942626953,
    "V_th": -46.17586350117072,
    "g": 7.712101871353487,
    "E_L": -76.50659942626953,
    "C_m": 96.3415812682448,
    "t_ref": 4.500000000000001,
    "V_reset": -76.50659942626953,
    "asc_init": [
        0.0,
        0.0
    ],
    "asc_decay": [
        0.01,
        0.1
    ],
    "asc_amps": [
        -34.51419452798334,
        -263.60213945540477
    ],
    "tau_syn": [
        5.5,
        8.5,
        2.8,
        5.8
    ],
    "spike_dependent_threshold": false,
    "after_spike_currents": true,
    "adapting_threshold": false
}