{
    "V_m": -72.449712117513,
    "V_th": -48.23879545954067,
    "g": 9.353363757438023,
    "E_L": -72.449712117513,
    "C_m": 98.63473862888968,
    "t_ref": 2.0,
    "V_reset": -72.449712117513,
    "asc_init": [
        0.0,
        0.0
    ],
    "asc_decay": [
        0.029999999999999992,
        0.1
    ],
    "asc_amps": [
        25.72330425803603,
        -142.12735129795058
    ],
    "tau_syn": [
        5.5,
        8.5,
        2.8,
        5.8
    ],
    "spike_dependent_threshold": false,
    "after_spike_currents": true,
    "adapting_threshold": false
}