{
    "V_m": -76.60922622680665,
    "V_th": -53.66389447357996,
    "g": 2.984210201215655,
    "E_L": -76.60922622680665,
    "C_m": 48.61960769362475,
    "t_ref": 2.65,
    "V_reset": -76.60922622680665,
    "asc_init": [
        0.0,
        0.0
    ],
    "asc_decay": [
        0.003,
        0.1
    ],
    "asc_amps": [
        -0.9561795388831605,
        -3.3604099466090274
    ],
    "tau_syn": [
        5.5,
        8.5,
        2.8,
        5.8
    ],
    "spike_dependent_threshold": false,
    "after_spike_currents": true,
    "adapting_threshold": false
}