{
    "V_m": -69.55248260498045,
    "V_th": -44.38069385112746,
    "g": 4.16217747555733,
    "E_L": -69.55248260498045,
    "C_m": 77.59258952037831,
    "t_ref": 3.85,
    "V_reset": -69.55248260498045,
    "asc_init": [
        0.0,
        0.0
    ],
    "asc_decay": [
        0.01,
        0.1
    ],
    "asc_amps": [
        -41.25708216217552,
        -135.48734699731418
    ],
    "tau_syn": [
        5.5,
        8.5,
        2.8,
        5.8
    ],
    "spike_dependent_threshold": false,
    "after_spike_currents": true,
    "adapting_threshold": false
}