{
    "V_m": -72.49391174316405,
    "V_th": -33.72187812195696,
    "g": 4.397087318414554,
    "E_L": -72.49391174316405,
    "C_m": 47.417848059697604,
    "t_ref": 4.500000000000001,
    "V_reset": -72.49391174316405,
    "asc_init": [
        0.0,
        0.0
    ],
    "asc_decay": [
        0.01,
        0.029999999999999992
    ],
    "asc_amps": [
        -25.958670679119646,
        -26.12722469962651
    ],
    "tau_syn": [
        5.5,
        8.5,
        2.8,
        5.8
    ],
    "spike_dependent_threshold": false,
    "after_spike_currents": true,
    "adapting_threshold": false
}