{
    "V_m": -75.6508960723877,
    "V_th": -52.84237800897279,
    "g": 4.694127361199145,
    "E_L": -75.6508960723877,
    "C_m": 64.16468519409601,
    "t_ref": 2.8,
    "V_reset": -75.6508960723877,
    "asc_init": [
        0.0,
        0.0
    ],
    "asc_decay": [
        0.1,
        0.3
    ],
    "asc_amps": [
        -22.680244844170268,
        -95.80127033264186
    ],
    "tau_syn": [
        5.5,
        8.5,
        2.8,
        5.8
    ],
    "spike_dependent_threshold": false,
    "after_spike_currents": true,
    "adapting_threshold": false
}