{
    "V_m": -67.60483741760255,
    "V_th": -43.13123258770013,
    "g": 3.047431176741599,
    "E_L": -67.60483741760255,
    "C_m": 48.82350273599423,
    "t_ref": 1.6,
    "V_reset": -67.60483741760255,
    "asc_init": [
        0.0,
        0.0
    ],
    "asc_decay": [
        0.1,
        0.3
    ],
    "asc_amps": [
        -83.43622007249664,
        297.62090356573276
    ],
    "tau_syn": [
        5.5,
        8.5,
        2.8,
        5.8
    ],
    "spike_dependent_threshold": false,
    "after_spike_currents": true,
    "adapting_threshold": false
}