{
    "V_m": -68.99287605285645,
    "V_th": -42.29631985355361,
    "g": 7.969272892368544,
    "E_L": -68.99287605285645,
    "C_m": 86.6376968648581,
    "t_ref": 4.05,
    "V_reset": -68.99287605285645,
    "asc_init": [
        0.0,
        0.0
    ],
    "asc_decay": [
        0.029999999999999992,
        0.3
    ],
    "asc_amps": [
        -141.71589372147878,
        -257.9262814293828
    ],
    "tau_syn": [
        5.5,
        8.5,
        2.8,
        5.8
    ],
    "spike_dependent_threshold": false,
    "after_spike_currents": true,
    "adapting_threshold": false
}