{
    "V_m": -64.31370353698732,
    "V_th": -38.75524385410455,
    "g": 3.1220638511005325,
    "E_L": -64.31370353698732,
    "C_m": 53.416295880183284,
    "t_ref": 4.1000000000000005,
    "V_reset": -64.31370353698732,
    "asc_init": [
        0.0,
        0.0
    ],
    "asc_decay": [
        0.003,
        0.029999999999999992
    ],
    "asc_amps": [
        -7.46823202157124,
        -19.072605595727318
    ],
    "tau_syn": [
        5.5,
        8.5,
        2.8,
        5.8
    ],
    "spike_dependent_threshold": false,
    "after_spike_currents": true,
    "adapting_threshold": false
}