{
    "V_m": -73.40130996704103,
    "V_th": -51.987534079485656,
    "g": 2.4172496474293896,
    "E_L": -73.40130996704103,
    "C_m": 50.901923129503686,
    "t_ref": 5.050000000000001,
    "V_reset": -73.40130996704103,
    "asc_init": [
        0.0,
        0.0
    ],
    "asc_decay": [
        0.029999999999999992,
        0.1
    ],
    "asc_amps": [
        -35.70107539305235,
        -54.74032233319179
    ],
    "tau_syn": [
        5.5,
        8.5,
        2.8,
        5.8
    ],
    "spike_dependent_threshold": false,
    "after_spike_currents": true,
    "adapting_threshold": false
}