{
    "V_m": -70.62721824645996,
    "V_th": -42.61075174437,
    "g": 7.120188055645268,
    "E_L": -70.62721824645996,
    "C_m": 68.92667437412261,
    "t_ref": 1.85,
    "V_reset": -70.62721824645996,
    "asc_init": [
        0.0,
        0.0
    ],
    "asc_decay": [
        0.003,
        0.1
    ],
    "asc_amps": [
        -1.711299513567753,
        -50.63487810748687
    ],
    "tau_syn": [
        5.5,
        8.5,
        2.8,
        5.8
    ],
    "spike_dependent_threshold": false,
    "after_spike_currents": true,
    "adapting_threshold": false
}