{
    "V_m": -70.027530670166,
    "V_th": -35.95537139680298,
    "g": 5.5241033675023905,
    "E_L": -70.027530670166,
    "C_m": 65.69518622687222,
    "t_ref": 3.7,
    "V_reset": -70.027530670166,
    "asc_init": [
        0.0,
        0.0
    ],
    "asc_decay": [
        0.01,
        0.1
    ],
    "asc_amps": [
        -25.28001345737257,
        -98.61680718496699
    ],
    "tau_syn": [
        5.5,
        8.5,
        2.8,
        5.8
    ],
    "spike_dependent_threshold": false,
    "after_spike_currents": true,
    "adapting_threshold": false
}