{
    "V_m": -62.3435125350952,
    "V_th": -39.130674820689435,
    "g": 3.887003963118351,
    "E_L": -62.3435125350952,
    "C_m": 47.888656107636024,
    "t_ref": 2.5,
    "V_reset": -62.3435125350952,
    "asc_init": [
        0.0,
        0.0
    ],
    "asc_decay": [
        0.1,
        0.3
    ],
    "asc_amps": [
        18.948443424057796,
        -148.4076576624008
    ],
    "tau_syn": [
        5.5,
        8.5,
        2.8,
        5.8
    ],
    "spike_dependent_threshold": false,
    "after_spike_currents": true,
    "adapting_threshold": false
}