{
    "V_m": -60.351959228515625,
    "V_th": -31.56490600723452,
    "g": 8.10560949552495,
    "E_L": -60.351959228515625,
    "C_m": 55.678239685193745,
    "t_ref": 3.0,
    "V_reset": -60.351959228515625,
    "asc_init": [
        0.0,
        0.0
    ],
    "asc_decay": [
        0.003,
        0.3
    ],
    "asc_amps": [
        -1.282962550615813,
        -180.39538060594535
    ],
    "tau_syn": [
        5.5,
        8.5,
        2.8,
        5.8
    ],
    "spike_dependent_threshold": false,
    "after_spike_currents": true,
    "adapting_threshold": false
}