{
    "V_m": -74.54021263122559,
    "V_th": -43.200553365359426,
    "g": 5.777145387248547,
    "E_L": -74.54021263122559,
    "C_m": 59.13734783623089,
    "t_ref": 2.3,
    "V_reset": -74.54021263122559,
    "asc_init": [
        0.0,
        0.0
    ],
    "asc_decay": [
        0.003,
        0.3
    ],
    "asc_amps": [
        -1.3632603850557568,
        -52.36451858797274
    ],
    "tau_syn": [
        5.5,
        8.5,
        2.8,
        5.8
    ],
    "spike_dependent_threshold": false,
    "after_spike_currents": true,
    "adapting_threshold": false
}