{
    "V_m": -60.62839126586915,
    "V_th": -44.889113236412,
    "g": 2.1881126668186814,
    "E_L": -60.62839126586915,
    "C_m": 93.32555623966418,
    "t_ref": 3.2,
    "V_reset": -60.62839126586915,
    "asc_init": [
        0.0,
        0.0
    ],
    "asc_decay": [
        0.029999999999999992,
        0.3
    ],
    "asc_amps": [
        -63.34425895557523,
        573.6813013304609
    ],
    "tau_syn": [
        5.5,
        8.5,
        2.8,
        5.8
    ],
    "spike_dependent_threshold": false,
    "after_spike_currents": true,
    "adapting_threshold": false
}