{
    "V_m": -64.75384521484374,
    "V_th": -41.000114224700944,
    "g": 5.950443721805315,
    "E_L": -64.75384521484374,
    "C_m": 81.82070249751268,
    "t_ref": 2.1,
    "V_reset": -64.75384521484374,
    "asc_init": [
        0.0,
        0.0
    ],
    "asc_decay": [
        0.1,
        0.3
    ],
    "asc_amps": [
        -233.87340324999917,
        819.7219390931617
    ],
    "tau_syn": [
        5.5,
        8.5,
        2.8,
        5.8
    ],
    "spike_dependent_threshold": false,
    "after_spike_currents": true,
    "adapting_threshold": false
}