{
    "V_m": -74.5793685913086,
    "V_th": -44.15984200579504,
    "g": 2.973334672223545,
    "E_L": -74.5793685913086,
    "C_m": 38.88435900781699,
    "t_ref": 1.9500000000000002,
    "V_reset": -74.5793685913086,
    "asc_init": [
        0.0,
        0.0
    ],
    "asc_decay": [
        0.1,
        0.3
    ],
    "asc_amps": [
        -67.81859804300791,
        51.55367824236049
    ],
    "tau_syn": [
        5.5,
        8.5,
        2.8,
        5.8
    ],
    "spike_dependent_threshold": false,
    "after_spike_currents": true,
    "adapting_threshold": false
}