{
    "V_m": -77.37904739379886,
    "V_th": -48.14350781984888,
    "g": 6.845351799079001,
    "E_L": -77.37904739379886,
    "C_m": 135.9769017529314,
    "t_ref": 4.6,
    "V_reset": -77.37904739379886,
    "asc_init": [
        0.0,
        0.0
    ],
    "asc_decay": [
        0.003,
        0.1
    ],
    "asc_amps": [
        -17.7085755630612,
        -295.9470886265057
    ],
    "tau_syn": [
        5.5,
        8.5,
        2.8,
        5.8
    ],
    "spike_dependent_threshold": false,
    "after_spike_currents": true,
    "adapting_threshold": false
}