{
    "V_m": -76.7791519165039,
    "V_th": -54.27839155156967,
    "g": 4.823130285438659,
    "E_L": -76.7791519165039,
    "C_m": 60.854519938747806,
    "t_ref": 1.8000000000000003,
    "V_reset": -76.7791519165039,
    "asc_init": [
        0.0,
        0.0
    ],
    "asc_decay": [
        0.029999999999999992,
        0.1
    ],
    "asc_amps": [
        9.511527392080769,
        -68.4683855020489
    ],
    "tau_syn": [
        5.5,
        8.5,
        2.8,
        5.8
    ],
    "spike_dependent_threshold": false,
    "after_spike_currents": true,
    "adapting_threshold": false
}