{
    "V_m": -67.2563044230143,
    "V_th": -41.98562982723505,
    "g": 4.42898281672586,
    "E_L": -67.2563044230143,
    "C_m": 51.7856925450084,
    "t_ref": 3.4000000000000004,
    "V_reset": -67.2563044230143,
    "asc_init": [
        0.0,
        0.0
    ],
    "asc_decay": [
        0.029999999999999992,
        0.3
    ],
    "asc_amps": [
        -75.9123681219132,
        -117.18349744585812
    ],
    "tau_syn": [
        5.5,
        8.5,
        2.8,
        5.8
    ],
    "spike_dependent_threshold": false,
    "after_spike_currents": true,
    "adapting_threshold": false
}