{
    "V_m": -75.032953898112,
    "V_th": -43.992535634659646,
    "g": 2.781045586260637,
    "E_L": -75.032953898112,
    "C_m": 43.077673303631634,
    "t_ref": 2.7,
    "V_reset": -75.032953898112,
    "asc_init": [
        0.0,
        0.0
    ],
    "asc_decay": [
        0.003,
        0.1
    ],
    "asc_amps": [
        -5.659516302986472,
        -57.04501276608307
    ],
    "tau_syn": [
        5.5,
        8.5,
        2.8,
        5.8
    ],
    "spike_dependent_threshold": false,
    "after_spike_currents": true,
    "adapting_threshold": false
}