{
    "V_m": -74.42842864990234,
    "V_th": -45.25323077119981,
    "g": 6.203592979968932,
    "E_L": -74.42842864990234,
    "C_m": 63.01242633082568,
    "t_ref": 1.65,
    "V_reset": -74.42842864990234,
    "asc_init": [
        0.0,
        0.0
    ],
    "asc_decay": [
        0.003,
        0.1
    ],
    "asc_amps": [
        -3.905513413400913,
        -24.061746396284583
    ],
    "tau_syn": [
        5.5,
        8.5,
        2.8,
        5.8
    ],
    "spike_dependent_threshold": false,
    "after_spike_currents": true,
    "adapting_threshold": false
}