{
    "V_m": -81.64227867126465,
    "V_th": -47.97242685622612,
    "g": 4.94591008493037,
    "E_L": -81.64227867126465,
    "C_m": 42.45769639490578,
    "t_ref": 1.8000000000000003,
    "V_reset": -81.64227867126465,
    "asc_init": [
        0.0,
        0.0
    ],
    "asc_decay": [
        0.01,
        0.1
    ],
    "asc_amps": [
        -7.207655726259681,
        -68.13225473945135
    ],
    "tau_syn": [
        5.5,
        8.5,
        2.8,
        5.8
    ],
    "spike_dependent_threshold": false,
    "after_spike_currents": true,
    "adapting_threshold": false
}