{
    "V_m": -81.5642318725586,
    "V_th": -47.04131723827156,
    "g": 5.57463985880924,
    "E_L": -81.5642318725586,
    "C_m": 80.14614397611818,
    "t_ref": 4.4,
    "V_reset": -81.5642318725586,
    "asc_init": [
        0.0,
        0.0
    ],
    "asc_decay": [
        0.003,
        0.1
    ],
    "asc_amps": [
        -7.0071796664489385,
        -194.780902850044
    ],
    "tau_syn": [
        5.5,
        8.5,
        2.8,
        5.8
    ],
    "spike_dependent_threshold": false,
    "after_spike_currents": true,
    "adapting_threshold": false
}