{
    "V_m": -76.87617111206055,
    "V_th": -49.916386925472516,
    "g": 7.8871291107371775,
    "E_L": -76.87617111206055,
    "C_m": 52.59125865486488,
    "t_ref": 1.5500000000000003,
    "V_reset": -76.87617111206055,
    "asc_init": [
        0.0,
        0.0
    ],
    "asc_decay": [
        0.1,
        0.3
    ],
    "asc_amps": [
        -145.24347140466338,
        266.76428005821333
    ],
    "tau_syn": [
        5.5,
        8.5,
        2.8,
        5.8
    ],
    "spike_dependent_threshold": false,
    "after_spike_currents": true,
    "adapting_threshold": false
}