{
    "V_m": -69.8303737640381,
    "V_th": -37.56205451995278,
    "g": 4.820970253653651,
    "E_L": -69.8303737640381,
    "C_m": 120.50099912628744,
    "t_ref": 2.4499999999999997,
    "V_reset": -69.8303737640381,
    "asc_init": [
        0.0,
        0.0
    ],
    "asc_decay": [
        0.003,
        0.3
    ],
    "asc_amps": [
        -13.329852493450366,
        277.9954272430917
    ],
    "tau_syn": [
        5.5,
        8.5,
        2.8,
        5.8
    ],
    "spike_dependent_threshold": false,
    "after_spike_currents": true,
    "adapting_threshold": false
}