{
    "V_m": -74.29241180419919,
    "V_th": -40.0180006037889,
    "g": 4.855166272441626,
    "E_L": -74.29241180419919,
    "C_m": 70.47841331269773,
    "t_ref": 2.5500000000000003,
    "V_reset": -74.29241180419919,
    "asc_init": [
        0.0,
        0.0
    ],
    "asc_decay": [
        0.1,
        0.3
    ],
    "asc_amps": [
        -106.66982662552809,
        335.80949943026195
    ],
    "tau_syn": [
        5.5,
        8.5,
        2.8,
        5.8
    ],
    "spike_dependent_threshold": false,
    "after_spike_currents": true,
    "adapting_threshold": false
}