{
    "V_m": -76.59822082519533,
    "V_th": -40.17190001770232,
    "g": 10.266589800463551,
    "E_L": -76.59822082519533,
    "C_m": 111.89380495954694,
    "t_ref": 4.25,
    "V_reset": -76.59822082519533,
    "asc_init": [
        0.0,
        0.0
    ],
    "asc_decay": [
        0.003,
        0.1
    ],
    "asc_amps": [
        -14.701785534623172,
        -212.84475131333582
    ],
    "tau_syn": [
        5.5,
        8.5,
        2.8,
        5.8
    ],
    "spike_dependent_threshold": false,
    "after_spike_currents": true,
    "adapting_threshold": false
}