{
    "V_m": -72.72701454162598,
    "V_th": -43.24159733629365,
    "g": 3.657957446492723,
    "E_L": -72.72701454162598,
    "C_m": 53.507457604502854,
    "t_ref": 3.85,
    "V_reset": -72.72701454162598,
    "asc_init": [
        0.0,
        0.0
    ],
    "asc_decay": [
        0.01,
        0.1
    ],
    "asc_amps": [
        -18.30326152067302,
        -121.5726608271028
    ],
    "tau_syn": [
        5.5,
        8.5,
        2.8,
        5.8
    ],
    "spike_dependent_threshold": false,
    "after_spike_currents": true,
    "adapting_threshold": false
}