{
    "V_m": -76.2588081359863,
    "V_th": -36.57318370962895,
    "g": 8.079993765592755,
    "E_L": -76.2588081359863,
    "C_m": 54.8042494755109,
    "t_ref": 3.6000000000000005,
    "V_reset": -76.2588081359863,
    "asc_init": [
        0.0,
        0.0
    ],
    "asc_decay": [
        0.01,
        0.1
    ],
    "asc_amps": [
        -41.236749453771175,
        -175.73506398726732
    ],
    "tau_syn": [
        5.5,
        8.5,
        2.8,
        5.8
    ],
    "spike_dependent_threshold": false,
    "after_spike_currents": true,
    "adapting_threshold": false
}