{
    "V_m": -72.22511672973631,
    "V_th": -44.48569764671841,
    "g": 7.016488263534325,
    "E_L": -72.22511672973631,
    "C_m": 71.20747828560543,
    "t_ref": 1.4500000000000002,
    "V_reset": -72.22511672973631,
    "asc_init": [
        0.0,
        0.0
    ],
    "asc_decay": [
        0.1,
        0.3
    ],
    "asc_amps": [
        -52.59790519597774,
        411.2157389702017
    ],
    "tau_syn": [
        5.5,
        8.5,
        2.8,
        5.8
    ],
    "spike_dependent_threshold": false,
    "after_spike_currents": true,
    "adapting_threshold": false
}