{
    "V_m": -69.85461934407554,
    "V_th": -41.20031222647398,
    "g": 10.43888290344808,
    "E_L": -69.85461934407554,
    "C_m": 59.618167171426805,
    "t_ref": 2.5500000000000003,
    "V_reset": -69.85461934407554,
    "asc_init": [
        0.0,
        0.0
    ],
    "asc_decay": [
        0.003,
        0.3
    ],
    "asc_amps": [
        -2.2407540900957152,
        -140.03755304061778
    ],
    "tau_syn": [
        5.5,
        8.5,
        2.8,
        5.8
    ],
    "spike_dependent_threshold": false,
    "after_spike_currents": true,
    "adapting_threshold": false
}