{
    "V_m": -79.65304565429688,
    "V_th": -44.8689048675039,
    "g": 8.410475040627352,
    "E_L": -79.65304565429688,
    "C_m": 59.614875982533746,
    "t_ref": 1.9500000000000002,
    "V_reset": -79.65304565429688,
    "asc_init": [
        0.0,
        0.0
    ],
    "asc_decay": [
        0.01,
        0.1
    ],
    "asc_amps": [
        -41.24589699403591,
        -238.92284214158397
    ],
    "tau_syn": [
        5.5,
        8.5,
        2.8,
        5.8
    ],
    "spike_dependent_threshold": false,
    "after_spike_currents": true,
    "adapting_threshold": false
}