{
    "V_m": -71.7084445953369,
    "V_th": -42.82387157479097,
    "g": 7.114813344840412,
    "E_L": -71.7084445953369,
    "C_m": 55.58882799985477,
    "t_ref": 2.65,
    "V_reset": -71.7084445953369,
    "asc_init": [
        0.0,
        0.0
    ],
    "asc_decay": [
        0.01,
        0.1
    ],
    "asc_amps": [
        -24.535715510475065,
        -132.69424278105012
    ],
    "tau_syn": [
        5.5,
        8.5,
        2.8,
        5.8
    ],
    "spike_dependent_threshold": false,
    "after_spike_currents": true,
    "adapting_threshold": false
}