{
    "V_m": -76.22016525268556,
    "V_th": -43.71011293403857,
    "g": 7.653318351558777,
    "E_L": -76.22016525268556,
    "C_m": 186.75933722943634,
    "t_ref": 6.15,
    "V_reset": -76.22016525268556,
    "asc_init": [
        0.0,
        0.0
    ],
    "asc_decay": [
        0.003,
        0.1
    ],
    "asc_amps": [
        -16.069789188137854,
        -227.30524592772
    ],
    "tau_syn": [
        5.5,
        8.5,
        2.8,
        5.8
    ],
    "spike_dependent_threshold": false,
    "after_spike_currents": true,
    "adapting_threshold": false
}