{
    "V_m": -77.85106086730958,
    "V_th": -50.746382824150075,
    "g": 13.962346716131984,
    "E_L": -77.85106086730958,
    "C_m": 76.34064546058605,
    "t_ref": 1.35,
    "V_reset": -77.85106086730958,
    "asc_init": [
        0.0,
        0.0
    ],
    "asc_decay": [
        0.003,
        0.1
    ],
    "asc_amps": [
        -2.166326769498044,
        -60.794353837130835
    ],
    "tau_syn": [
        5.5,
        8.5,
        2.8,
        5.8
    ],
    "spike_dependent_threshold": false,
    "after_spike_currents": true,
    "adapting_threshold": false
}