{
    "V_m": -71.744873046875,
    "V_th": -36.3951301811576,
    "g": 6.587659924404779,
    "E_L": -71.744873046875,
    "C_m": 58.190587496827945,
    "t_ref": 2.4000000000000004,
    "V_reset": -71.744873046875,
    "asc_init": [
        0.0,
        0.0
    ],
    "asc_decay": [
        0.01,
        0.1
    ],
    "asc_amps": [
        -27.68861561523091,
        -231.3294933697566
    ],
    "tau_syn": [
        5.5,
        8.5,
        2.8,
        5.8
    ],
    "spike_dependent_threshold": false,
    "after_spike_currents": true,
    "adapting_threshold": false
}