{
    "V_m": -72.85538736979166,
    "V_th": -38.782647129253306,
    "g": 4.200520812621938,
    "E_L": -72.85538736979166,
    "C_m": 82.6102640045908,
    "t_ref": 3.6000000000000005,
    "V_reset": -72.85538736979166,
    "asc_init": [
        0.0,
        0.0
    ],
    "asc_decay": [
        0.01,
        0.1
    ],
    "asc_amps": [
        -30.16351333443882,
        -76.39282493280493
    ],
    "tau_syn": [
        5.5,
        8.5,
        2.8,
        5.8
    ],
    "spike_dependent_threshold": false,
    "after_spike_currents": true,
    "adapting_threshold": false
}