{
    "V_m": -71.237678527832,
    "V_th": -44.41597441734733,
    "g": 6.597653452457254,
    "E_L": -71.237678527832,
    "C_m": 97.82833379133547,
    "t_ref": 3.8,
    "V_reset": -71.237678527832,
    "asc_init": [
        0.0,
        0.0
    ],
    "asc_decay": [
        0.003,
        0.1
    ],
    "asc_amps": [
        -11.278244808242665,
        -188.90760615482816
    ],
    "tau_syn": [
        5.5,
        8.5,
        2.8,
        5.8
    ],
    "spike_dependent_threshold": false,
    "after_spike_currents": true,
    "adapting_threshold": false
}