{
    "V_m": -75.69591712951659,
    "V_th": -46.838270154443805,
    "g": 8.828213188321016,
    "E_L": -75.69591712951659,
    "C_m": 56.82753314752176,
    "t_ref": 1.4,
    "V_reset": -75.69591712951659,
    "asc_init": [
        0.0,
        0.0
    ],
    "asc_decay": [
        0.003,
        0.1
    ],
    "asc_amps": [
        -1.1489626398489512,
        -31.466309344247566
    ],
    "tau_syn": [
        5.5,
        8.5,
        2.8,
        5.8
    ],
    "spike_dependent_threshold": false,
    "after_spike_currents": true,
    "adapting_threshold": false
}