{
    "V_m": -73.87776947021483,
    "V_th": -40.94410182419165,
    "g": 5.76349304287021,
    "E_L": -73.87776947021483,
    "C_m": 63.95285776504163,
    "t_ref": 2.15,
    "V_reset": -73.87776947021483,
    "asc_init": [
        0.0,
        0.0
    ],
    "asc_decay": [
        0.029999999999999992,
        0.3
    ],
    "asc_amps": [
        -164.7202900396434,
        -222.7036329888575
    ],
    "tau_syn": [
        5.5,
        8.5,
        2.8,
        5.8
    ],
    "spike_dependent_threshold": false,
    "after_spike_currents": true,
    "adapting_threshold": false
}