{
    "V_m": -69.82619476318361,
    "V_th": -45.09245842732899,
    "g": 8.856283760076302,
    "E_L": -69.82619476318361,
    "C_m": 54.723553690492345,
    "t_ref": 2.15,
    "V_reset": -69.82619476318361,
    "asc_init": [
        0.0,
        0.0
    ],
    "asc_decay": [
        0.003,
        0.1
    ],
    "asc_amps": [
        -10.893534505652001,
        -152.04120815184828
    ],
    "tau_syn": [
        5.5,
        8.5,
        2.8,
        5.8
    ],
    "spike_dependent_threshold": false,
    "after_spike_currents": true,
    "adapting_threshold": false
}