{
    "V_m": -65.78562164306643,
    "V_th": -41.612123875911756,
    "g": 3.1049409099999834,
    "E_L": -65.78562164306643,
    "C_m": 38.93405651475474,
    "t_ref": 3.65,
    "V_reset": -65.78562164306643,
    "asc_init": [
        0.0,
        0.0
    ],
    "asc_decay": [
        0.003,
        0.1
    ],
    "asc_amps": [
        -2.7836214531817967,
        -65.96756809480476
    ],
    "tau_syn": [
        5.5,
        8.5,
        2.8,
        5.8
    ],
    "spike_dependent_threshold": false,
    "after_spike_currents": true,
    "adapting_threshold": false
}