{
    "V_m": -70.9183235168457,
    "V_th": -46.3187852262774,
    "g": 5.288392493590936,
    "E_L": -70.9183235168457,
    "C_m": 80.82440717500636,
    "t_ref": 2.7500000000000004,
    "V_reset": -70.9183235168457,
    "asc_init": [
        0.0,
        0.0
    ],
    "asc_decay": [
        0.003,
        0.1
    ],
    "asc_amps": [
        -7.5410415243681435,
        -103.64715955162332
    ],
    "tau_syn": [
        5.5,
        8.5,
        2.8,
        5.8
    ],
    "spike_dependent_threshold": false,
    "after_spike_currents": true,
    "adapting_threshold": false
}