{
    "V_m": -74.5869216918945,
    "V_th": -44.63676366945841,
    "g": 4.663043706420656,
    "E_L": -74.5869216918945,
    "C_m": 96.36480858778894,
    "t_ref": 3.2500000000000004,
    "V_reset": -74.5869216918945,
    "asc_init": [
        0.0,
        0.0
    ],
    "asc_decay": [
        0.003,
        0.1
    ],
    "asc_amps": [
        -3.4877619496790615,
        -211.61798532956394
    ],
    "tau_syn": [
        5.5,
        8.5,
        2.8,
        5.8
    ],
    "spike_dependent_threshold": false,
    "after_spike_currents": true,
    "adapting_threshold": false
}