{
    "V_m": -77.4588451385498,
    "V_th": -40.56559985653772,
    "g": 5.705500874210678,
    "E_L": -77.4588451385498,
    "C_m": 96.97718438777949,
    "t_ref": 3.15,
    "V_reset": -77.4588451385498,
    "asc_init": [
        0.0,
        0.0
    ],
    "asc_decay": [
        0.003,
        0.029999999999999992
    ],
    "asc_amps": [
        -8.747239028371013,
        -92.23403811814536
    ],
    "tau_syn": [
        5.5,
        8.5,
        2.8,
        5.8
    ],
    "spike_dependent_threshold": false,
    "after_spike_currents": true,
    "adapting_threshold": false
}