{
    "V_m": -69.26560211181639,
    "V_th": -46.939992058738106,
    "g": 9.097004860196089,
    "E_L": -69.26560211181639,
    "C_m": 57.64345388284431,
    "t_ref": 1.4500000000000002,
    "V_reset": -69.26560211181639,
    "asc_init": [
        0.0,
        0.0
    ],
    "asc_decay": [
        0.003,
        0.1
    ],
    "asc_amps": [
        -4.276130653814086,
        -51.181870391017675
    ],
    "tau_syn": [
        5.5,
        8.5,
        2.8,
        5.8
    ],
    "spike_dependent_threshold": false,
    "after_spike_currents": true,
    "adapting_threshold": false
}