{
    "V_m": -75.22774505615234,
    "V_th": -42.890352723602355,
    "g": 7.910603023011529,
    "E_L": -75.22774505615234,
    "C_m": 70.74091982089422,
    "t_ref": 2.15,
    "V_reset": -75.22774505615234,
    "asc_init": [
        0.0,
        0.0
    ],
    "asc_decay": [
        0.01,
        0.3
    ],
    "asc_amps": [
        -16.99223313526988,
        147.54090554743263
    ],
    "tau_syn": [
        5.5,
        8.5,
        2.8,
        5.8
    ],
    "spike_dependent_threshold": false,
    "after_spike_currents": true,
    "adapting_threshold": false
}