{
    "V_m": -83.12200927734376,
    "V_th": -48.62386094433131,
    "g": 8.239452733485814,
    "E_L": -83.12200927734376,
    "C_m": 139.97992322061853,
    "t_ref": 2.7500000000000004,
    "V_reset": -83.12200927734376,
    "asc_init": [
        0.0,
        0.0
    ],
    "asc_decay": [
        0.01,
        0.1
    ],
    "asc_amps": [
        -34.4079531583091,
        -191.589292951994
    ],
    "tau_syn": [
        5.5,
        8.5,
        2.8,
        5.8
    ],
    "spike_dependent_threshold": false,
    "after_spike_currents": true,
    "adapting_threshold": false
}