{
    "V_m": -80.0902366638184,
    "V_th": -46.987017043706715,
    "g": 7.249924355030898,
    "E_L": -80.0902366638184,
    "C_m": 88.86013721417955,
    "t_ref": 3.6000000000000005,
    "V_reset": -80.0902366638184,
    "asc_init": [
        0.0,
        0.0
    ],
    "asc_decay": [
        0.01,
        0.1
    ],
    "asc_amps": [
        -30.269068150967357,
        -183.22714253956315
    ],
    "tau_syn": [
        5.5,
        8.5,
        2.8,
        5.8
    ],
    "spike_dependent_threshold": false,
    "after_spike_currents": true,
    "adapting_threshold": false
}