{
    "V_m": -69.97784805297849,
    "V_th": -43.25955252106982,
    "g": 8.883448881623641,
    "E_L": -69.97784805297849,
    "C_m": 130.77503183882945,
    "t_ref": 4.8500000000000005,
    "V_reset": -69.97784805297849,
    "asc_init": [
        0.0,
        0.0
    ],
    "asc_decay": [
        0.01,
        0.1
    ],
    "asc_amps": [
        -24.89406498083049,
        -253.19764136787637
    ],
    "tau_syn": [
        5.5,
        8.5,
        2.8,
        5.8
    ],
    "spike_dependent_threshold": false,
    "after_spike_currents": true,
    "adapting_threshold": false
}