{
    "V_m": -80.18433380126955,
    "V_th": -40.412847524396334,
    "g": 15.511634216396788,
    "E_L": -80.18433380126955,
    "C_m": 188.45923270232907,
    "t_ref": 3.8,
    "V_reset": -80.18433380126955,
    "asc_init": [
        0.0,
        0.0
    ],
    "asc_decay": [
        0.003,
        0.1
    ],
    "asc_amps": [
        -31.864004511762563,
        -407.9749308924157
    ],
    "tau_syn": [
        5.5,
        8.5,
        2.8,
        5.8
    ],
    "spike_dependent_threshold": false,
    "after_spike_currents": true,
    "adapting_threshold": false
}