{
    "V_m": -76.3110008239746,
    "V_th": -48.82299615379758,
    "g": 5.747844100281364,
    "E_L": -76.3110008239746,
    "C_m": 62.28295881549235,
    "t_ref": 3.0,
    "V_reset": -76.3110008239746,
    "asc_init": [
        0.0,
        0.0
    ],
    "asc_decay": [
        0.003,
        0.1
    ],
    "asc_amps": [
        -9.037764837223094,
        -116.8501906886219
    ],
    "tau_syn": [
        5.5,
        8.5,
        2.8,
        5.8
    ],
    "spike_dependent_threshold": false,
    "after_spike_currents": true,
    "adapting_threshold": false
}