{
    "V_m": -73.46527671813963,
    "V_th": -41.93595785218224,
    "g": 8.036177336789573,
    "E_L": -73.46527671813963,
    "C_m": 65.93340701840509,
    "t_ref": 2.6000000000000005,
    "V_reset": -73.46527671813963,
    "asc_init": [
        0.0,
        0.0
    ],
    "asc_decay": [
        0.01,
        0.1
    ],
    "asc_amps": [
        -10.181712484878258,
        -229.3268551874675
    ],
    "tau_syn": [
        5.5,
        8.5,
        2.8,
        5.8
    ],
    "spike_dependent_threshold": false,
    "after_spike_currents": true,
    "adapting_threshold": false
}