{
    "V_m": -73.27427673339845,
    "V_th": -49.275311349655105,
    "g": 2.9794008133860106,
    "E_L": -73.27427673339845,
    "C_m": 43.5637840379072,
    "t_ref": 2.5,
    "V_reset": -73.27427673339845,
    "asc_init": [
        0.0,
        0.0
    ],
    "asc_decay": [
        0.003,
        0.1
    ],
    "asc_amps": [
        -2.5063516790444296,
        -23.526799418825075
    ],
    "tau_syn": [
        5.5,
        8.5,
        2.8,
        5.8
    ],
    "spike_dependent_threshold": false,
    "after_spike_currents": true,
    "adapting_threshold": false
}