{
    "V_m": -79.0932896931966,
    "V_th": -45.77011777767547,
    "g": 3.8545600223280996,
    "E_L": -79.0932896931966,
    "C_m": 48.60755602213415,
    "t_ref": 1.9,
    "V_reset": -79.0932896931966,
    "asc_init": [
        0.0,
        0.0
    ],
    "asc_decay": [
        0.003,
        0.3
    ],
    "asc_amps": [
        -0.6851975239065772,
        -156.29484357651128
    ],
    "tau_syn": [
        5.5,
        8.5,
        2.8,
        5.8
    ],
    "spike_dependent_threshold": false,
    "after_spike_currents": true,
    "adapting_threshold": false
}