{
    "V_m": -75.56154123942056,
    "V_th": -51.328211903567535,
    "g": 5.126929157928068,
    "E_L": -75.56154123942056,
    "C_m": 148.94288623484854,
    "t_ref": 4.25,
    "V_reset": -75.56154123942056,
    "asc_init": [
        0.0,
        0.0
    ],
    "asc_decay": [
        0.1,
        0.3
    ],
    "asc_amps": [
        -353.2402165064738,
        645.372075667106
    ],
    "tau_syn": [
        5.5,
        8.5,
        2.8,
        5.8
    ],
    "spike_dependent_threshold": false,
    "after_spike_currents": true,
    "adapting_threshold": false
}