{
    "V_m": -79.74106597900393,
    "V_th": -46.03729463536045,
    "g": 12.98284732240928,
    "E_L": -79.74106597900393,
    "C_m": 146.4272695329945,
    "t_ref": 5.75,
    "V_reset": -79.74106597900393,
    "asc_init": [
        0.0,
        0.0
    ],
    "asc_decay": [
        0.003,
        0.1
    ],
    "asc_amps": [
        -13.80002233472859,
        -426.6062085390338
    ],
    "tau_syn": [
        5.5,
        8.5,
        2.8,
        5.8
    ],
    "spike_dependent_threshold": false,
    "after_spike_currents": true,
    "adapting_threshold": false
}