{
    "V_m": -74.28416442871094,
    "V_th": -55.099542236077795,
    "g": 5.04059435416271,
    "E_L": -74.28416442871094,
    "C_m": 89.68398095098402,
    "t_ref": 3.95,
    "V_reset": -74.28416442871094,
    "asc_init": [
        0.0,
        0.0
    ],
    "asc_decay": [
        0.003,
        0.1
    ],
    "asc_amps": [
        -6.1220716695854644,
        -96.21101754080053
    ],
    "tau_syn": [
        5.5,
        8.5,
        2.8,
        5.8
    ],
    "spike_dependent_threshold": false,
    "after_spike_currents": true,
    "adapting_threshold": false
}