{
    "V_m": -78.56582260131836,
    "V_th": -51.95470352586504,
    "g": 10.224772867798414,
    "E_L": -78.56582260131836,
    "C_m": 76.36466677534939,
    "t_ref": 1.25,
    "V_reset": -78.56582260131836,
    "asc_init": [
        0.0,
        0.0
    ],
    "asc_decay": [
        0.003,
        0.3
    ],
    "asc_amps": [
        -1.4757686345791998,
        -224.131887403241
    ],
    "tau_syn": [
        5.5,
        8.5,
        2.8,
        5.8
    ],
    "spike_dependent_threshold": false,
    "after_spike_currents": true,
    "adapting_threshold": false
}