{
    "V_m": -79.79247093200682,
    "V_th": -46.101591122508204,
    "g": 7.79777058612479,
    "E_L": -79.79247093200682,
    "C_m": 90.11679856352684,
    "t_ref": 3.85,
    "V_reset": -79.79247093200682,
    "asc_init": [
        0.0,
        0.0
    ],
    "asc_decay": [
        0.003,
        0.1
    ],
    "asc_amps": [
        -14.12391316235135,
        -175.82657789589868
    ],
    "tau_syn": [
        5.5,
        8.5,
        2.8,
        5.8
    ],
    "spike_dependent_threshold": false,
    "after_spike_currents": true,
    "adapting_threshold": false
}