{
    "V_m": -76.95115280151371,
    "V_th": -50.741774511183614,
    "g": 7.56773276560779,
    "E_L": -76.95115280151371,
    "C_m": 179.75596959834743,
    "t_ref": 4.6,
    "V_reset": -76.95115280151371,
    "asc_init": [
        0.0,
        0.0
    ],
    "asc_decay": [
        0.029999999999999992,
        0.1
    ],
    "asc_amps": [
        -49.367820170696824,
        -187.83411402422647
    ],
    "tau_syn": [
        5.5,
        8.5,
        2.8,
        5.8
    ],
    "spike_dependent_threshold": false,
    "after_spike_currents": true,
    "adapting_threshold": false
}