{
    "V_m": -73.35157267252606,
    "V_th": -35.32558372859415,
    "g": 5.2496115123563145,
    "E_L": -73.35157267252606,
    "C_m": 74.21427002480516,
    "t_ref": 2.15,
    "V_reset": -73.35157267252606,
    "asc_init": [
        0.0,
        0.0
    ],
    "asc_decay": [
        0.1,
        0.3
    ],
    "asc_amps": [
        -162.31392750979649,
        375.4912908869451
    ],
    "tau_syn": [
        5.5,
        8.5,
        2.8,
        5.8
    ],
    "spike_dependent_threshold": false,
    "after_spike_currents": true,
    "adapting_threshold": false
}