{
    "V_m": -78.08164469401042,
    "V_th": -45.44500043260868,
    "g": 3.914188353165594,
    "E_L": -78.08164469401042,
    "C_m": 72.61960626317769,
    "t_ref": 3.85,
    "V_reset": -78.08164469401042,
    "asc_init": [
        0.0,
        0.0
    ],
    "asc_decay": [
        0.01,
        0.1
    ],
    "asc_amps": [
        -35.905702247249614,
        -90.11983745829085
    ],
    "tau_syn": [
        5.5,
        8.5,
        2.8,
        5.8
    ],
    "spike_dependent_threshold": false,
    "after_spike_currents": true,
    "adapting_threshold": false
}