{
    "V_m": -73.26449839274086,
    "V_th": -42.702122873992835,
    "g": 5.521131724767878,
    "E_L": -73.26449839274086,
    "C_m": 66.64956210611619,
    "t_ref": 1.4,
    "V_reset": -73.26449839274086,
    "asc_init": [
        0.0,
        0.0
    ],
    "asc_decay": [
        0.1,
        0.3
    ],
    "asc_amps": [
        -252.31121578751578,
        603.5899569175513
    ],
    "tau_syn": [
        5.5,
        8.5,
        2.8,
        5.8
    ],
    "spike_dependent_threshold": false,
    "after_spike_currents": true,
    "adapting_threshold": false
}