{
    "V_m": -76.3615074157715,
    "V_th": -47.532742851731626,
    "g": 4.352903152559575,
    "E_L": -76.3615074157715,
    "C_m": 51.51066116454095,
    "t_ref": 1.85,
    "V_reset": -76.3615074157715,
    "asc_init": [
        0.0,
        0.0
    ],
    "asc_decay": [
        0.1,
        0.3
    ],
    "asc_amps": [
        -144.37731457473689,
        330.8127084995802
    ],
    "tau_syn": [
        5.5,
        8.5,
        2.8,
        5.8
    ],
    "spike_dependent_threshold": false,
    "after_spike_currents": true,
    "adapting_threshold": false
}