{
    "V_m": -76.54969024658203,
    "V_th": -42.895257402131776,
    "g": 6.856726311090581,
    "E_L": -76.54969024658203,
    "C_m": 94.93285022206555,
    "t_ref": 3.85,
    "V_reset": -76.54969024658203,
    "asc_init": [
        0.0,
        0.0
    ],
    "asc_decay": [
        0.01,
        0.1
    ],
    "asc_amps": [
        -27.019519429624772,
        -129.2652102252227
    ],
    "tau_syn": [
        5.5,
        8.5,
        2.8,
        5.8
    ],
    "spike_dependent_threshold": false,
    "after_spike_currents": true,
    "adapting_threshold": false
}