{
    "V_m": -69.29877090454103,
    "V_th": -39.42036186070066,
    "g": 5.1646226707719665,
    "E_L": -69.29877090454103,
    "C_m": 105.581175531109,
    "t_ref": 2.4499999999999997,
    "V_reset": -69.29877090454103,
    "asc_init": [
        0.0,
        0.0
    ],
    "asc_decay": [
        0.003,
        0.029999999999999992
    ],
    "asc_amps": [
        -4.973153959809374,
        -119.5189894504033
    ],
    "tau_syn": [
        5.5,
        8.5,
        2.8,
        5.8
    ],
    "spike_dependent_threshold": false,
    "after_spike_currents": true,
    "adapting_threshold": false
}