{
    "V_m": -74.4471893310547,
    "V_th": -49.3291339590375,
    "g": 4.799149749441878,
    "E_L": -74.4471893310547,
    "C_m": 88.27580509541662,
    "t_ref": 3.2500000000000004,
    "V_reset": -74.4471893310547,
    "asc_init": [
        0.0,
        0.0
    ],
    "asc_decay": [
        0.01,
        0.1
    ],
    "asc_amps": [
        -20.52523741639089,
        -143.17094126892655
    ],
    "tau_syn": [
        5.5,
        8.5,
        2.8,
        5.8
    ],
    "spike_dependent_threshold": false,
    "after_spike_currents": true,
    "adapting_threshold": false
}