{
    "V_m": -78.23156356811525,
    "V_th": -46.67204762050787,
    "g": 11.2502509745972,
    "E_L": -78.23156356811525,
    "C_m": 163.39707896921598,
    "t_ref": 4.7,
    "V_reset": -78.23156356811525,
    "asc_init": [
        0.0,
        0.0
    ],
    "asc_decay": [
        0.01,
        0.1
    ],
    "asc_amps": [
        -16.041760979918852,
        -454.32133057436545
    ],
    "tau_syn": [
        5.5,
        8.5,
        2.8,
        5.8
    ],
    "spike_dependent_threshold": false,
    "after_spike_currents": true,
    "adapting_threshold": false
}