{
    "V_m": -79.88670349121097,
    "V_th": -45.810683451037626,
    "g": 10.627458391880541,
    "E_L": -79.88670349121097,
    "C_m": 95.05059923003517,
    "t_ref": 3.35,
    "V_reset": -79.88670349121097,
    "asc_init": [
        0.0,
        0.0
    ],
    "asc_decay": [
        0.003,
        0.029999999999999992
    ],
    "asc_amps": [
        -10.115019541422877,
        -97.59467476897152
    ],
    "tau_syn": [
        5.5,
        8.5,
        2.8,
        5.8
    ],
    "spike_dependent_threshold": false,
    "after_spike_currents": true,
    "adapting_threshold": false
}