{
    "V_m": -68.21290334065753,
    "V_th": -51.27333958824492,
    "g": 4.181370132557392,
    "E_L": -68.21290334065753,
    "C_m": 113.22990593484671,
    "t_ref": 4.6,
    "V_reset": -68.21290334065753,
    "asc_init": [
        0.0,
        0.0
    ],
    "asc_decay": [
        0.029999999999999992,
        0.3
    ],
    "asc_amps": [
        -72.19435044438072,
        137.3161303442154
    ],
    "tau_syn": [
        5.5,
        8.5,
        2.8,
        5.8
    ],
    "spike_dependent_threshold": false,
    "after_spike_currents": true,
    "adapting_threshold": false
}