{
    "V_m": -80.8194923400879,
    "V_th": -50.60819847536911,
    "g": 13.086149179614747,
    "E_L": -80.8194923400879,
    "C_m": 170.01279544802492,
    "t_ref": 5.55,
    "V_reset": -80.8194923400879,
    "asc_init": [
        0.0,
        0.0
    ],
    "asc_decay": [
        0.029999999999999992,
        0.3
    ],
    "asc_amps": [
        -90.65567406562164,
        -1051.8798234322023
    ],
    "tau_syn": [
        5.5,
        8.5,
        2.8,
        5.8
    ],
    "spike_dependent_threshold": false,
    "after_spike_currents": true,
    "adapting_threshold": false
}