{
    "V_m": -70.61011505126955,
    "V_th": -38.986446741598954,
    "g": 9.733534903901244,
    "E_L": -70.61011505126955,
    "C_m": 111.33138288323443,
    "t_ref": 4.3,
    "V_reset": -70.61011505126955,
    "asc_init": [
        0.0,
        0.0
    ],
    "asc_decay": [
        0.01,
        0.1
    ],
    "asc_amps": [
        -42.181142932397194,
        -125.17799086024715
    ],
    "tau_syn": [
        5.5,
        8.5,
        2.8,
        5.8
    ],
    "spike_dependent_threshold": false,
    "after_spike_currents": true,
    "adapting_threshold": false
}