{
    "V_m": -72.4585698445638,
    "V_th": -41.48174600869922,
    "g": 5.583901849954136,
    "E_L": -72.4585698445638,
    "C_m": 87.62485802972532,
    "t_ref": 2.9000000000000004,
    "V_reset": -72.4585698445638,
    "asc_init": [
        0.0,
        0.0
    ],
    "asc_decay": [
        0.1,
        0.3
    ],
    "asc_amps": [
        -177.8972451023563,
        621.4909370089873
    ],
    "tau_syn": [
        5.5,
        8.5,
        2.8,
        5.8
    ],
    "spike_dependent_threshold": false,
    "after_spike_currents": true,
    "adapting_threshold": false
}