{
    "V_m": -81.35118103027345,
    "V_th": -43.29441027984292,
    "g": 8.301518236357431,
    "E_L": -81.35118103027345,
    "C_m": 125.02082662621974,
    "t_ref": 5.200000000000001,
    "V_reset": -81.35118103027345,
    "asc_init": [
        0.0,
        0.0
    ],
    "asc_decay": [
        0.003,
        0.029999999999999992
    ],
    "asc_amps": [
        -24.766549118331003,
        -102.46224661526387
    ],
    "tau_syn": [
        5.5,
        8.5,
        2.8,
        5.8
    ],
    "spike_dependent_threshold": false,
    "after_spike_currents": true,
    "adapting_threshold": false
}