{
    "V_m": -79.84313201904295,
    "V_th": -42.28575778293663,
    "g": 5.751311124943618,
    "E_L": -79.84313201904295,
    "C_m": 110.36656917554295,
    "t_ref": 5.6,
    "V_reset": -79.84313201904295,
    "asc_init": [
        0.0,
        0.0
    ],
    "asc_decay": [
        0.003,
        0.029999999999999992
    ],
    "asc_amps": [
        -14.64612250622033,
        -111.54622358700215
    ],
    "tau_syn": [
        5.5,
        8.5,
        2.8,
        5.8
    ],
    "spike_dependent_threshold": false,
    "after_spike_currents": true,
    "adapting_threshold": false
}