{
    "V_m": -71.5881938934326,
    "V_th": -43.74714377287971,
    "g": 12.23891362149773,
    "E_L": -71.5881938934326,
    "C_m": 81.50097665577195,
    "t_ref": 4.2,
    "V_reset": -71.5881938934326,
    "asc_init": [
        0.0,
        0.0
    ],
    "asc_decay": [
        0.003,
        0.1
    ],
    "asc_amps": [
        -10.862661485260187,
        -273.10364076241365
    ],
    "tau_syn": [
        5.5,
        8.5,
        2.8,
        5.8
    ],
    "spike_dependent_threshold": false,
    "after_spike_currents": true,
    "adapting_threshold": false
}