{
    "V_m": -73.60612742106119,
    "V_th": -45.46139098443899,
    "g": 4.5091295932046505,
    "E_L": -73.60612742106119,
    "C_m": 74.11591872060232,
    "t_ref": 2.7,
    "V_reset": -73.60612742106119,
    "asc_init": [
        0.0,
        0.0
    ],
    "asc_decay": [
        0.1,
        0.3
    ],
    "asc_amps": [
        -148.27250500217818,
        421.8605256837903
    ],
    "tau_syn": [
        5.5,
        8.5,
        2.8,
        5.8
    ],
    "spike_dependent_threshold": false,
    "after_spike_currents": true,
    "adapting_threshold": false
}