{
    "V_m": -81.70177078247069,
    "V_th": -46.12126164414598,
    "g": 7.931304982582556,
    "E_L": -81.70177078247069,
    "C_m": 135.69306741872063,
    "t_ref": 5.65,
    "V_reset": -81.70177078247069,
    "asc_init": [
        0.0,
        0.0
    ],
    "asc_decay": [
        0.01,
        0.1
    ],
    "asc_amps": [
        -61.428788431474544,
        -255.32870467069316
    ],
    "tau_syn": [
        5.5,
        8.5,
        2.8,
        5.8
    ],
    "spike_dependent_threshold": false,
    "after_spike_currents": true,
    "adapting_threshold": false
}