{
    "V_m": -76.96168899536133,
    "V_th": -39.89036294912894,
    "g": 6.770416809045355,
    "E_L": -76.96168899536133,
    "C_m": 117.60754574293476,
    "t_ref": 5.55,
    "V_reset": -76.96168899536133,
    "asc_init": [
        0.0,
        0.0
    ],
    "asc_decay": [
        0.003,
        0.029999999999999992
    ],
    "asc_amps": [
        -16.997479794445063,
        -110.55725965816865
    ],
    "tau_syn": [
        5.5,
        8.5,
        2.8,
        5.8
    ],
    "spike_dependent_threshold": false,
    "after_spike_currents": true,
    "adapting_threshold": false
}