{
    "V_m": -75.77816009521484,
    "V_th": -39.299102025754046,
    "g": 8.820378793549274,
    "E_L": -75.77816009521484,
    "C_m": 81.61139864604156,
    "t_ref": 2.9499999999999997,
    "V_reset": -75.77816009521484,
    "asc_init": [
        0.0,
        0.0
    ],
    "asc_decay": [
        0.01,
        0.1
    ],
    "asc_amps": [
        -52.05284847389867,
        -277.9044678412805
    ],
    "tau_syn": [
        5.5,
        8.5,
        2.8,
        5.8
    ],
    "spike_dependent_threshold": false,
    "after_spike_currents": true,
    "adapting_threshold": false
}