{
    "V_m": -75.40563201904295,
    "V_th": -42.70356707700492,
    "g": 6.561330048837392,
    "E_L": -75.40563201904295,
    "C_m": 113.09063433118482,
    "t_ref": 5.65,
    "V_reset": -75.40563201904295,
    "asc_init": [
        0.0,
        0.0
    ],
    "asc_decay": [
        0.003,
        0.1
    ],
    "asc_amps": [
        -14.715412725798412,
        -276.1304562614169
    ],
    "tau_syn": [
        5.5,
        8.5,
        2.8,
        5.8
    ],
    "spike_dependent_threshold": false,
    "after_spike_currents": true,
    "adapting_threshold": false
}