{
    "V_m": -80.61415863037108,
    "V_th": -43.4926303495725,
    "g": 8.525539770978916,
    "E_L": -80.61415863037108,
    "C_m": 96.2895456977525,
    "t_ref": 4.45,
    "V_reset": -80.61415863037108,
    "asc_init": [
        0.0,
        0.0
    ],
    "asc_decay": [
        0.003,
        0.1
    ],
    "asc_amps": [
        -12.632056483725906,
        -231.36904570633115
    ],
    "tau_syn": [
        5.5,
        8.5,
        2.8,
        5.8
    ],
    "spike_dependent_threshold": false,
    "after_spike_currents": true,
    "adapting_threshold": false
}