{
    "V_m": -76.58147176106773,
    "V_th": -46.98957491282887,
    "g": 11.045737361867488,
    "E_L": -76.58147176106773,
    "C_m": 227.58372321904915,
    "t_ref": 8.4,
    "V_reset": -76.58147176106773,
    "asc_init": [
        0.0,
        0.0
    ],
    "asc_decay": [
        0.003,
        0.1
    ],
    "asc_amps": [
        -34.86987979847485,
        -570.7040017400332
    ],
    "tau_syn": [
        5.5,
        8.5,
        2.8,
        5.8
    ],
    "spike_dependent_threshold": false,
    "after_spike_currents": true,
    "adapting_threshold": false
}