{
    "V_m": -73.62921142578125,
    "V_th": -42.51424477494305,
    "g": 2.4010890395975184,
    "E_L": -73.62921142578125,
    "C_m": 60.67589172911867,
    "t_ref": 4.800000000000001,
    "V_reset": -73.62921142578125,
    "asc_init": [
        0.0,
        0.0
    ],
    "asc_decay": [
        0.01,
        0.1
    ],
    "asc_amps": [
        -9.530398543739109,
        -34.89139851811402
    ],
    "tau_syn": [
        5.5,
        8.5,
        2.8,
        5.8
    ],
    "spike_dependent_threshold": false,
    "after_spike_currents": true,
    "adapting_threshold": false
}