{
    "V_m": -79.33705902099608,
    "V_th": -46.98444169848915,
    "g": 10.218074698543095,
    "E_L": -79.33705902099608,
    "C_m": 87.93189644044945,
    "t_ref": 4.15,
    "V_reset": -79.33705902099608,
    "asc_init": [
        0.0,
        0.0
    ],
    "asc_decay": [
        0.01,
        0.1
    ],
    "asc_amps": [
        -25.592942164655902,
        -241.29299475100012
    ],
    "tau_syn": [
        5.5,
        8.5,
        2.8,
        5.8
    ],
    "spike_dependent_threshold": false,
    "after_spike_currents": true,
    "adapting_threshold": false
}