{
    "V_m": -73.06367874145506,
    "V_th": -46.158675175484206,
    "g": 5.643475880307957,
    "E_L": -73.06367874145506,
    "C_m": 71.67426573422506,
    "t_ref": 3.0,
    "V_reset": -73.06367874145506,
    "asc_init": [
        0.0,
        0.0
    ],
    "asc_decay": [
        0.003,
        0.01
    ],
    "asc_amps": [
        -8.294056643493827,
        2.897510497654799
    ],
    "tau_syn": [
        5.5,
        8.5,
        2.8,
        5.8
    ],
    "spike_dependent_threshold": false,
    "after_spike_currents": true,
    "adapting_threshold": false
}