{
    "V_m": -73.3912811279297,
    "V_th": -41.187921985215624,
    "g": 4.270943069619121,
    "E_L": -73.3912811279297,
    "C_m": 86.79639180031468,
    "t_ref": 5.1000000000000005,
    "V_reset": -73.3912811279297,
    "asc_init": [
        0.0,
        0.0
    ],
    "asc_decay": [
        0.003,
        0.029999999999999992
    ],
    "asc_amps": [
        -5.35376486059829,
        -95.81651331643658
    ],
    "tau_syn": [
        5.5,
        8.5,
        2.8,
        5.8
    ],
    "spike_dependent_threshold": false,
    "after_spike_currents": true,
    "adapting_threshold": false
}