{
    "V_m": -80.28891754150389,
    "V_th": -43.599049092072356,
    "g": 7.204795482406568,
    "E_L": -80.28891754150389,
    "C_m": 91.15768768453933,
    "t_ref": 3.85,
    "V_reset": -80.28891754150389,
    "asc_init": [
        0.0,
        0.0
    ],
    "asc_decay": [
        0.029999999999999992,
        0.3
    ],
    "asc_amps": [
        -161.4773579215771,
        -330.15908167302536
    ],
    "tau_syn": [
        5.5,
        8.5,
        2.8,
        5.8
    ],
    "spike_dependent_threshold": false,
    "after_spike_currents": true,
    "adapting_threshold": false
}