{
    "V_m": -68.09335708618164,
    "V_th": -37.100875495176325,
    "g": 5.6097389062900875,
    "E_L": -68.09335708618164,
    "C_m": 62.236835963313844,
    "t_ref": 4.2,
    "V_reset": -68.09335708618164,
    "asc_init": [
        0.0,
        0.0
    ],
    "asc_decay": [
        0.003,
        0.029999999999999992
    ],
    "asc_amps": [
        -3.3374870072258265,
        -109.28722807318458
    ],
    "tau_syn": [
        5.5,
        8.5,
        2.8,
        5.8
    ],
    "spike_dependent_threshold": false,
    "after_spike_currents": true,
    "adapting_threshold": false
}