{
    "V_m": -67.24991226196292,
    "V_th": -35.85024395410192,
    "g": 5.291214035293161,
    "E_L": -67.24991226196292,
    "C_m": 55.429989987606724,
    "t_ref": 3.7500000000000004,
    "V_reset": -67.24991226196292,
    "asc_init": [
        0.0,
        0.0
    ],
    "asc_decay": [
        0.003,
        0.1
    ],
    "asc_amps": [
        -7.102087434272803,
        -56.562886149293945
    ],
    "tau_syn": [
        5.5,
        8.5,
        2.8,
        5.8
    ],
    "spike_dependent_threshold": false,
    "after_spike_currents": true,
    "adapting_threshold": false
}