{
    "V_m": -71.28397178649904,
    "V_th": -42.977514790064134,
    "g": 3.581119018039141,
    "E_L": -71.28397178649904,
    "C_m": 57.99382698314418,
    "t_ref": 3.45,
    "V_reset": -71.28397178649904,
    "asc_init": [
        0.0,
        0.0
    ],
    "asc_decay": [
        0.003,
        0.029999999999999992
    ],
    "asc_amps": [
        -7.838651630550505,
        -17.005375334694424
    ],
    "tau_syn": [
        5.5,
        8.5,
        2.8,
        5.8
    ],
    "spike_dependent_threshold": false,
    "after_spike_currents": true,
    "adapting_threshold": false
}