{
    "V_m": -75.01435852050786,
    "V_th": -43.47063949925679,
    "g": 4.7335688392571225,
    "E_L": -75.01435852050786,
    "C_m": 84.23704693187851,
    "t_ref": 2.65,
    "V_reset": -75.01435852050786,
    "asc_init": [
        0.0,
        0.0
    ],
    "asc_decay": [
        0.01,
        0.3
    ],
    "asc_amps": [
        -15.237505456432508,
        182.06835336005113
    ],
    "tau_syn": [
        5.5,
        8.5,
        2.8,
        5.8
    ],
    "spike_dependent_threshold": false,
    "after_spike_currents": true,
    "adapting_threshold": false
}