{
    "V_m": -72.51651763916014,
    "V_th": -44.01325557074722,
    "g": 3.50394103655618,
    "E_L": -72.51651763916014,
    "C_m": 48.76985539243722,
    "t_ref": 5.1000000000000005,
    "V_reset": -72.51651763916014,
    "asc_init": [
        0.0,
        0.0
    ],
    "asc_decay": [
        0.029999999999999992,
        0.1
    ],
    "asc_amps": [
        -53.833006504973326,
        -46.84140930263687
    ],
    "tau_syn": [
        5.5,
        8.5,
        2.8,
        5.8
    ],
    "spike_dependent_threshold": false,
    "after_spike_currents": true,
    "adapting_threshold": false
}