{
    "V_m": -75.25005912780763,
    "V_th": -47.667070178024886,
    "g": 6.988472937899378,
    "E_L": -75.25005912780763,
    "C_m": 62.30603643912329,
    "t_ref": 4.7,
    "V_reset": -75.25005912780763,
    "asc_init": [
        0.0,
        0.0
    ],
    "asc_decay": [
        0.01,
        0.1
    ],
    "asc_amps": [
        -27.950028047208484,
        -143.42422722979774
    ],
    "tau_syn": [
        5.5,
        8.5,
        2.8,
        5.8
    ],
    "spike_dependent_threshold": false,
    "after_spike_currents": true,
    "adapting_threshold": false
}