{
    "V_m": -68.94971720377603,
    "V_th": -45.53525962599197,
    "g": 4.265006999963949,
    "E_L": -68.94971720377603,
    "C_m": 53.80455833933491,
    "t_ref": 4.1000000000000005,
    "V_reset": -68.94971720377603,
    "asc_init": [
        0.0,
        0.0
    ],
    "asc_decay": [
        0.003,
        0.029999999999999992
    ],
    "asc_amps": [
        -3.647625800758304,
        -76.57401936255128
    ],
    "tau_syn": [
        5.5,
        8.5,
        2.8,
        5.8
    ],
    "spike_dependent_threshold": false,
    "after_spike_currents": true,
    "adapting_threshold": false
}