{
    "V_m": -73.9191608428955,
    "V_th": -40.9706175190781,
    "g": 8.485330962658063,
    "E_L": -73.9191608428955,
    "C_m": 121.11601115854924,
    "t_ref": 2.65,
    "V_reset": -73.9191608428955,
    "asc_init": [
        0.0,
        0.0
    ],
    "asc_decay": [
        0.003,
        0.029999999999999992
    ],
    "asc_amps": [
        -4.129702477005578,
        -11.120513061562178
    ],
    "tau_syn": [
        5.5,
        8.5,
        2.8,
        5.8
    ],
    "spike_dependent_threshold": false,
    "after_spike_currents": true,
    "adapting_threshold": false
}