{
    "V_m": -65.22697257995605,
    "V_th": -42.906233782596345,
    "g": 2.944573609929481,
    "E_L": -65.22697257995605,
    "C_m": 59.94346571919625,
    "t_ref": 4.1000000000000005,
    "V_reset": -65.22697257995605,
    "asc_init": [
        0.0,
        0.0
    ],
    "asc_decay": [
        0.01,
        0.1
    ],
    "asc_amps": [
        -10.82988047399401,
        -97.58176317033184
    ],
    "tau_syn": [
        5.5,
        8.5,
        2.8,
        5.8
    ],
    "spike_dependent_threshold": false,
    "after_spike_currents": true,
    "adapting_threshold": false
}