{
    "V_m": -68.96755599975585,
    "V_th": -45.43704167360815,
    "g": 3.0206499037041823,
    "E_L": -68.96755599975585,
    "C_m": 45.49017155479176,
    "t_ref": 2.6000000000000005,
    "V_reset": -68.96755599975585,
    "asc_init": [
        0.0,
        0.0
    ],
    "asc_decay": [
        0.003,
        0.1
    ],
    "asc_amps": [
        -0.3683205964326882,
        -43.40875023710045
    ],
    "tau_syn": [
        5.5,
        8.5,
        2.8,
        5.8
    ],
    "spike_dependent_threshold": false,
    "after_spike_currents": true,
    "adapting_threshold": false
}