{
    "V_m": -60.49685764312742,
    "V_th": -39.81931804328171,
    "g": 6.068943026140839,
    "E_L": -60.49685764312742,
    "C_m": 115.42294813085142,
    "t_ref": 4.25,
    "V_reset": -60.49685764312742,
    "asc_init": [
        0.0,
        0.0
    ],
    "asc_decay": [
        0.029999999999999992,
        0.3
    ],
    "asc_amps": [
        -73.28369682304016,
        385.5804628783067
    ],
    "tau_syn": [
        5.5,
        8.5,
        2.8,
        5.8
    ],
    "spike_dependent_threshold": false,
    "after_spike_currents": true,
    "adapting_threshold": false
}