{
    "V_m": -67.8344497680664,
    "V_th": -47.518149181843235,
    "g": 1.8356623083806483,
    "E_L": -67.8344497680664,
    "C_m": 40.06387080934936,
    "t_ref": 4.55,
    "V_reset": -67.8344497680664,
    "asc_init": [
        0.0,
        0.0
    ],
    "asc_decay": [
        0.003,
        0.1
    ],
    "asc_amps": [
        -1.296258476302496,
        -13.222144426111893
    ],
    "tau_syn": [
        5.5,
        8.5,
        2.8,
        5.8
    ],
    "spike_dependent_threshold": false,
    "after_spike_currents": true,
    "adapting_threshold": false
}