{
    "V_m": -63.47822380065918,
    "V_th": -45.247633487035905,
    "g": 2.3872177994713883,
    "E_L": -63.47822380065918,
    "C_m": 115.62709338282544,
    "t_ref": 9.950000000000001,
    "V_reset": -63.47822380065918,
    "asc_init": [
        0.0,
        0.0
    ],
    "asc_decay": [
        0.01,
        0.1
    ],
    "asc_amps": [
        -30.079104041982532,
        -178.73375247163403
    ],
    "tau_syn": [
        5.5,
        8.5,
        2.8,
        5.8
    ],
    "spike_dependent_threshold": false,
    "after_spike_currents": true,
    "adapting_threshold": false
}