{
    "V_m": -61.08587392171224,
    "V_th": -39.50386694802,
    "g": 8.263506553407991,
    "E_L": -61.08587392171224,
    "C_m": 112.46895004019065,
    "t_ref": 3.8,
    "V_reset": -61.08587392171224,
    "asc_init": [
        0.0,
        0.0
    ],
    "asc_decay": [
        0.01,
        0.1
    ],
    "asc_amps": [
        -48.00122888651064,
        -210.56174484732156
    ],
    "tau_syn": [
        5.5,
        8.5,
        2.8,
        5.8
    ],
    "spike_dependent_threshold": false,
    "after_spike_currents": true,
    "adapting_threshold": false
}