{
    "V_m": -71.01939964294435,
    "V_th": -46.83440926468329,
    "g": 5.427858251377119,
    "E_L": -71.01939964294435,
    "C_m": 53.363254671950436,
    "t_ref": 4.75,
    "V_reset": -71.01939964294435,
    "asc_init": [
        0.0,
        0.0
    ],
    "asc_decay": [
        0.003,
        0.1
    ],
    "asc_amps": [
        -5.684334932660984,
        -98.93865418813688
    ],
    "tau_syn": [
        5.5,
        8.5,
        2.8,
        5.8
    ],
    "spike_dependent_threshold": false,
    "after_spike_currents": true,
    "adapting_threshold": false
}