{
    "V_m": -72.6474208831787,
    "V_th": -43.234228571100324,
    "g": 8.908781526659322,
    "E_L": -72.6474208831787,
    "C_m": 83.12071930710853,
    "t_ref": 1.8000000000000003,
    "V_reset": -72.6474208831787,
    "asc_init": [
        0.0,
        0.0
    ],
    "asc_decay": [
        0.003,
        0.1
    ],
    "asc_amps": [
        -1.1916064574949206,
        -72.00179729820883
    ],
    "tau_syn": [
        5.5,
        8.5,
        2.8,
        5.8
    ],
    "spike_dependent_threshold": false,
    "after_spike_currents": true,
    "adapting_threshold": false
}