{
    "V_m": -67.29769325256348,
    "V_th": -44.61779932975317,
    "g": 2.370100842789267,
    "E_L": -67.29769325256348,
    "C_m": 46.421948534626566,
    "t_ref": 3.9000000000000004,
    "V_reset": -67.29769325256348,
    "asc_init": [
        0.0,
        0.0
    ],
    "asc_decay": [
        0.003,
        0.029999999999999992
    ],
    "asc_amps": [
        -2.5423152259081996,
        -19.099262154676943
    ],
    "tau_syn": [
        5.5,
        8.5,
        2.8,
        5.8
    ],
    "spike_dependent_threshold": false,
    "after_spike_currents": true,
    "adapting_threshold": false
}