{
    "V_m": -65.16810607910155,
    "V_th": -37.744127683898164,
    "g": 9.51836256305148,
    "E_L": -65.16810607910155,
    "C_m": 173.80010155707546,
    "t_ref": 9.5,
    "V_reset": -65.16810607910155,
    "asc_init": [
        0.0,
        0.0
    ],
    "asc_decay": [
        0.01,
        0.1
    ],
    "asc_amps": [
        -60.92409956312445,
        -497.31123129818855
    ],
    "tau_syn": [
        5.5,
        8.5,
        2.8,
        5.8
    ],
    "spike_dependent_threshold": false,
    "after_spike_currents": true,
    "adapting_threshold": false
}