{
    "V_m": -74.83477020263675,
    "V_th": -46.82973886596656,
    "g": 3.2334396030360733,
    "E_L": -74.83477020263675,
    "C_m": 66.04164790604555,
    "t_ref": 4.3,
    "V_reset": -74.83477020263675,
    "asc_init": [
        0.0,
        0.0
    ],
    "asc_decay": [
        0.029999999999999992,
        0.1
    ],
    "asc_amps": [
        -72.0131257225363,
        -80.31266613314891
    ],
    "tau_syn": [
        5.5,
        8.5,
        2.8,
        5.8
    ],
    "spike_dependent_threshold": false,
    "after_spike_currents": true,
    "adapting_threshold": false
}