{
    "V_m": -77.03404490152992,
    "V_th": -41.288067415589225,
    "g": 6.925809574221191,
    "E_L": -77.03404490152992,
    "C_m": 66.80358296493627,
    "t_ref": 4.2,
    "V_reset": -77.03404490152992,
    "asc_init": [
        0.0,
        0.0
    ],
    "asc_decay": [
        0.01,
        0.1
    ],
    "asc_amps": [
        -24.736553915969264,
        -173.87600124257426
    ],
    "tau_syn": [
        5.5,
        8.5,
        2.8,
        5.8
    ],
    "spike_dependent_threshold": false,
    "after_spike_currents": true,
    "adapting_threshold": false
}