{
    "V_m": -72.0647315979004,
    "V_th": -41.5082695455668,
    "g": 4.200945773263561,
    "E_L": -72.0647315979004,
    "C_m": 60.53269265126326,
    "t_ref": 5.500000000000001,
    "V_reset": -72.0647315979004,
    "asc_init": [
        0.0,
        0.0
    ],
    "asc_decay": [
        0.01,
        0.1
    ],
    "asc_amps": [
        -25.464220272891787,
        -89.09329968222573
    ],
    "tau_syn": [
        5.5,
        8.5,
        2.8,
        5.8
    ],
    "spike_dependent_threshold": false,
    "after_spike_currents": true,
    "adapting_threshold": false
}