{
    "V_m": -69.6420669555664,
    "V_th": -36.184450496300634,
    "g": 5.058814425571315,
    "E_L": -69.6420669555664,
    "C_m": 112.31010796505912,
    "t_ref": 4.0,
    "V_reset": -69.6420669555664,
    "asc_init": [
        0.0,
        0.0
    ],
    "asc_decay": [
        0.01,
        0.1
    ],
    "asc_amps": [
        -42.10160850541779,
        -161.31183885041943
    ],
    "tau_syn": [
        5.5,
        8.5,
        2.8,
        5.8
    ],
    "spike_dependent_threshold": false,
    "after_spike_currents": true,
    "adapting_threshold": false
}