{
    "V_m": -75.24618148803711,
    "V_th": -38.62528461400111,
    "g": 9.556858126053697,
    "E_L": -75.24618148803711,
    "C_m": 86.48888191320401,
    "t_ref": 2.0,
    "V_reset": -75.24618148803711,
    "asc_init": [
        0.0,
        0.0
    ],
    "asc_decay": [
        0.01,
        0.3
    ],
    "asc_amps": [
        -18.2971913003233,
        194.3118936180247
    ],
    "tau_syn": [
        5.5,
        8.5,
        2.8,
        5.8
    ],
    "spike_dependent_threshold": false,
    "after_spike_currents": true,
    "adapting_threshold": false
}