{
    "V_m": -74.96510314941406,
    "V_th": -42.961995577381074,
    "g": 3.888674624662708,
    "E_L": -74.96510314941406,
    "C_m": 69.7037896825848,
    "t_ref": 3.6000000000000005,
    "V_reset": -74.96510314941406,
    "asc_init": [
        0.0,
        0.0
    ],
    "asc_decay": [
        0.029999999999999992,
        0.3
    ],
    "asc_amps": [
        -104.87193962803305,
        -142.094454558514
    ],
    "tau_syn": [
        5.5,
        8.5,
        2.8,
        5.8
    ],
    "spike_dependent_threshold": false,
    "after_spike_currents": true,
    "adapting_threshold": false
}