{
    "V_m": -68.62207794189453,
    "V_th": -40.633830508303994,
    "g": 3.713850756485794,
    "E_L": -68.62207794189453,
    "C_m": 50.960793550092504,
    "t_ref": 2.65,
    "V_reset": -68.62207794189453,
    "asc_init": [
        0.0,
        0.0
    ],
    "asc_decay": [
        0.003,
        0.029999999999999992
    ],
    "asc_amps": [
        -3.212304166762587,
        -77.19348749472853
    ],
    "tau_syn": [
        5.5,
        8.5,
        2.8,
        5.8
    ],
    "spike_dependent_threshold": false,
    "after_spike_currents": true,
    "adapting_threshold": false
}