{
    "V_m": -70.65075683593747,
    "V_th": -38.93919405482998,
    "g": 6.904006987262229,
    "E_L": -70.65075683593747,
    "C_m": 110.06508023051393,
    "t_ref": 5.7,
    "V_reset": -70.65075683593747,
    "asc_init": [
        0.0,
        0.0
    ],
    "asc_decay": [
        0.003,
        0.029999999999999992
    ],
    "asc_amps": [
        -11.831134636943144,
        -125.8933145411998
    ],
    "tau_syn": [
        5.5,
        8.5,
        2.8,
        5.8
    ],
    "spike_dependent_threshold": false,
    "after_spike_currents": true,
    "adapting_threshold": false
}