{
    "V_m": -79.04047012329103,
    "V_th": -44.42401723061896,
    "g": 4.604800786814572,
    "E_L": -79.04047012329103,
    "C_m": 103.0508189039249,
    "t_ref": 6.75,
    "V_reset": -79.04047012329103,
    "asc_init": [
        0.0,
        0.0
    ],
    "asc_decay": [
        0.003,
        0.1
    ],
    "asc_amps": [
        -7.122290125586442,
        -328.22648935926463
    ],
    "tau_syn": [
        5.5,
        8.5,
        2.8,
        5.8
    ],
    "spike_dependent_threshold": false,
    "after_spike_currents": true,
    "adapting_threshold": false
}