{
    "V_m": -75.34061177571616,
    "V_th": -40.91160406818038,
    "g": 4.171367546939915,
    "E_L": -75.34061177571616,
    "C_m": 122.3316606256885,
    "t_ref": 6.95,
    "V_reset": -75.34061177571616,
    "asc_init": [
        0.0,
        0.0
    ],
    "asc_decay": [
        0.003,
        0.029999999999999992
    ],
    "asc_amps": [
        -10.09423354860681,
        -92.42386869764943
    ],
    "tau_syn": [
        5.5,
        8.5,
        2.8,
        5.8
    ],
    "spike_dependent_threshold": false,
    "after_spike_currents": true,
    "adapting_threshold": false
}