{
    "V_m": -72.36111068725586,
    "V_th": -42.31910261541479,
    "g": 2.8130776492178007,
    "E_L": -72.36111068725586,
    "C_m": 89.36986822603838,
    "t_ref": 5.25,
    "V_reset": -72.36111068725586,
    "asc_init": [
        0.0,
        0.0
    ],
    "asc_decay": [
        0.029999999999999992,
        0.3
    ],
    "asc_amps": [
        -74.89700553919583,
        -146.40642441755654
    ],
    "tau_syn": [
        5.5,
        8.5,
        2.8,
        5.8
    ],
    "spike_dependent_threshold": false,
    "after_spike_currents": true,
    "adapting_threshold": false
}