{
    "V_m": -65.49459457397461,
    "V_th": -38.9273790930702,
    "g": 4.4118452187099795,
    "E_L": -65.49459457397461,
    "C_m": 67.36281588692877,
    "t_ref": 5.3500000000000005,
    "V_reset": -65.49459457397461,
    "asc_init": [
        0.0,
        0.0
    ],
    "asc_decay": [
        0.029999999999999992,
        0.3
    ],
    "asc_amps": [
        -118.5826441768303,
        -159.52970148200612
    ],
    "tau_syn": [
        5.5,
        8.5,
        2.8,
        5.8
    ],
    "spike_dependent_threshold": false,
    "after_spike_currents": true,
    "adapting_threshold": false
}