{
    "V_m": -75.91849517822264,
    "V_th": -50.9070375068853,
    "g": 6.317179593621824,
    "E_L": -75.91849517822264,
    "C_m": 58.54096463468344,
    "t_ref": 1.85,
    "V_reset": -75.91849517822264,
    "asc_init": [
        0.0,
        0.0
    ],
    "asc_decay": [
        0.003,
        0.1
    ],
    "asc_amps": [
        -0.5801554087659577,
        -59.51617389207124
    ],
    "tau_syn": [
        5.5,
        8.5,
        2.8,
        5.8
    ],
    "spike_dependent_threshold": false,
    "after_spike_currents": true,
    "adapting_threshold": false
}