{
    "V_m": -65.46065266927084,
    "V_th": -42.84006692629069,
    "g": 5.837330020161191,
    "E_L": -65.46065266927084,
    "C_m": 93.88227084308063,
    "t_ref": 2.5500000000000003,
    "V_reset": -65.46065266927084,
    "asc_init": [
        0.0,
        0.0
    ],
    "asc_decay": [
        0.1,
        0.3
    ],
    "asc_amps": [
        -146.31118636834978,
        456.68533077573073
    ],
    "tau_syn": [
        5.5,
        8.5,
        2.8,
        5.8
    ],
    "spike_dependent_threshold": false,
    "after_spike_currents": true,
    "adapting_threshold": false
}