{
    "V_m": -67.84317270914714,
    "V_th": -40.98356914173603,
    "g": 10.034559264566223,
    "E_L": -67.84317270914714,
    "C_m": 75.92580968622424,
    "t_ref": 1.8000000000000003,
    "V_reset": -67.84317270914714,
    "asc_init": [
        0.0,
        0.0
    ],
    "asc_decay": [
        0.003,
        0.3
    ],
    "asc_amps": [
        -1.3770366779998928,
        217.6847676897365
    ],
    "tau_syn": [
        5.5,
        8.5,
        2.8,
        5.8
    ],
    "spike_dependent_threshold": false,
    "after_spike_currents": true,
    "adapting_threshold": false
}