{
    "V_m": -67.90796661376955,
    "V_th": -36.59449591067876,
    "g": 6.375068136384891,
    "E_L": -67.90796661376955,
    "C_m": 65.30156076597869,
    "t_ref": 2.0,
    "V_reset": -67.90796661376955,
    "asc_init": [
        0.0,
        0.0
    ],
    "asc_decay": [
        0.1,
        0.3
    ],
    "asc_amps": [
        -135.775317241302,
        311.9658385598176
    ],
    "tau_syn": [
        5.5,
        8.5,
        2.8,
        5.8
    ],
    "spike_dependent_threshold": false,
    "after_spike_currents": true,
    "adapting_threshold": false
}