{
    "V_m": -75.34366353352863,
    "V_th": -45.605802122949086,
    "g": 8.453127118811546,
    "E_L": -75.34366353352863,
    "C_m": 75.38635928993409,
    "t_ref": 3.45,
    "V_reset": -75.34366353352863,
    "asc_init": [
        0.0,
        0.0
    ],
    "asc_decay": [
        0.003,
        0.1
    ],
    "asc_amps": [
        -8.924188698623807,
        -122.03166138927843
    ],
    "tau_syn": [
        5.5,
        8.5,
        2.8,
        5.8
    ],
    "spike_dependent_threshold": false,
    "after_spike_currents": true,
    "adapting_threshold": false
}