{
    "V_m": -76.83983866373696,
    "V_th": -52.50793359417345,
    "g": 7.242980395276734,
    "E_L": -76.83983866373696,
    "C_m": 90.99989410872203,
    "t_ref": 2.3,
    "V_reset": -76.83983866373696,
    "asc_init": [
        0.0,
        0.0
    ],
    "asc_decay": [
        0.1,
        0.3
    ],
    "asc_amps": [
        -23.058298914972088,
        -129.81580264033556
    ],
    "tau_syn": [
        5.5,
        8.5,
        2.8,
        5.8
    ],
    "spike_dependent_threshold": false,
    "after_spike_currents": true,
    "adapting_threshold": false
}