{
    "V_m": -74.60616811116539,
    "V_th": -43.647383126962346,
    "g": 7.914714711021029,
    "E_L": -74.60616811116539,
    "C_m": 133.94614277364423,
    "t_ref": 5.8999999999999995,
    "V_reset": -74.60616811116539,
    "asc_init": [
        0.0,
        0.0
    ],
    "asc_decay": [
        0.01,
        0.3
    ],
    "asc_amps": [
        -64.21145840310243,
        -1626.1144704461171
    ],
    "tau_syn": [
        5.5,
        8.5,
        2.8,
        5.8
    ],
    "spike_dependent_threshold": false,
    "after_spike_currents": true,
    "adapting_threshold": false
}