{
    "V_m": -68.04071044921875,
    "V_th": -41.65542434981563,
    "g": 2.4243696873775273,
    "E_L": -68.04071044921875,
    "C_m": 50.880002138639355,
    "t_ref": 3.65,
    "V_reset": -68.04071044921875,
    "asc_init": [
        0.0,
        0.0
    ],
    "asc_decay": [
        0.003,
        0.1
    ],
    "asc_amps": [
        -4.719146981162165,
        -94.61487137610075
    ],
    "tau_syn": [
        5.5,
        8.5,
        2.8,
        5.8
    ],
    "spike_dependent_threshold": false,
    "after_spike_currents": true,
    "adapting_threshold": false
}