{
    "V_m": -72.0588912963867,
    "V_th": -46.03195601778316,
    "g": 5.066507855586694,
    "E_L": -72.0588912963867,
    "C_m": 81.69036694329152,
    "t_ref": 7.050000000000001,
    "V_reset": -72.0588912963867,
    "asc_init": [
        0.0,
        0.0
    ],
    "asc_decay": [
        0.01,
        0.029999999999999992
    ],
    "asc_amps": [
        -13.162295562785388,
        -61.1423327031146
    ],
    "tau_syn": [
        5.5,
        8.5,
        2.8,
        5.8
    ],
    "spike_dependent_threshold": false,
    "after_spike_currents": true,
    "adapting_threshold": false
}