{
    "V_m": -72.59166145324708,
    "V_th": -46.50014076937002,
    "g": 4.419795961620548,
    "E_L": -72.59166145324708,
    "C_m": 99.41821305803876,
    "t_ref": 6.8500000000000005,
    "V_reset": -72.59166145324708,
    "asc_init": [
        0.0,
        0.0
    ],
    "asc_decay": [
        0.01,
        0.1
    ],
    "asc_amps": [
        -17.84235184762592,
        -143.66871733991036
    ],
    "tau_syn": [
        5.5,
        8.5,
        2.8,
        5.8
    ],
    "spike_dependent_threshold": false,
    "after_spike_currents": true,
    "adapting_threshold": false
}