{
    "V_m": -68.10635375976564,
    "V_th": -44.6219720824425,
    "g": 5.122493036801549,
    "E_L": -68.10635375976564,
    "C_m": 72.11646086378688,
    "t_ref": 3.6000000000000005,
    "V_reset": -68.10635375976564,
    "asc_init": [
        0.0,
        0.0
    ],
    "asc_decay": [
        0.003,
        0.029999999999999992
    ],
    "asc_amps": [
        -3.0877530356251333,
        -82.64230731622634
    ],
    "tau_syn": [
        5.5,
        8.5,
        2.8,
        5.8
    ],
    "spike_dependent_threshold": false,
    "after_spike_currents": true,
    "adapting_threshold": false
}