{
    "V_m": -73.0218454996745,
    "V_th": -48.696821411406646,
    "g": 3.744576908888336,
    "E_L": -73.0218454996745,
    "C_m": 50.09630635551227,
    "t_ref": 1.9500000000000002,
    "V_reset": -73.0218454996745,
    "asc_init": [
        0.0,
        0.0
    ],
    "asc_decay": [
        0.1,
        0.3
    ],
    "asc_amps": [
        -51.47391146810044,
        152.14583862375375
    ],
    "tau_syn": [
        5.5,
        8.5,
        2.8,
        5.8
    ],
    "spike_dependent_threshold": false,
    "after_spike_currents": true,
    "adapting_threshold": false
}