{
    "V_m": -68.74785359700515,
    "V_th": -37.59038879183015,
    "g": 2.5341840668311963,
    "E_L": -68.74785359700515,
    "C_m": 42.98283160291442,
    "t_ref": 4.4,
    "V_reset": -68.74785359700515,
    "asc_init": [
        0.0,
        0.0
    ],
    "asc_decay": [
        0.029999999999999992,
        0.3
    ],
    "asc_amps": [
        -34.11992294820039,
        167.7849029924708
    ],
    "tau_syn": [
        5.5,
        8.5,
        2.8,
        5.8
    ],
    "spike_dependent_threshold": false,
    "after_spike_currents": true,
    "adapting_threshold": false
}