{
    "V_m": -71.76731363932294,
    "V_th": -44.87257754960251,
    "g": 1.834050318118797,
    "E_L": -71.76731363932294,
    "C_m": 45.42604835184499,
    "t_ref": 5.500000000000001,
    "V_reset": -71.76731363932294,
    "asc_init": [
        0.0,
        0.0
    ],
    "asc_decay": [
        0.003,
        0.029999999999999992
    ],
    "asc_amps": [
        -4.6940691472339156,
        -18.071411600679266
    ],
    "tau_syn": [
        5.5,
        8.5,
        2.8,
        5.8
    ],
    "spike_dependent_threshold": false,
    "after_spike_currents": true,
    "adapting_threshold": false
}