{
    "V_m": -63.83757209777832,
    "V_th": -43.84600119419853,
    "g": 1.867010961819791,
    "E_L": -63.83757209777832,
    "C_m": 51.50089883600911,
    "t_ref": 3.5,
    "V_reset": -63.83757209777832,
    "asc_init": [
        0.0,
        0.0
    ],
    "asc_decay": [
        0.003,
        0.1
    ],
    "asc_amps": [
        -2.952001670085233,
        -57.995626324911086
    ],
    "tau_syn": [
        5.5,
        8.5,
        2.8,
        5.8
    ],
    "spike_dependent_threshold": false,
    "after_spike_currents": true,
    "adapting_threshold": false
}