{
    "V_m": -74.94317245483401,
    "V_th": -41.70345132363448,
    "g": 1.269332065086286,
    "E_L": -74.94317245483401,
    "C_m": 43.24680543812137,
    "t_ref": 4.75,
    "V_reset": -74.94317245483401,
    "asc_init": [
        0.0,
        0.0
    ],
    "asc_decay": [
        0.01,
        0.3
    ],
    "asc_amps": [
        -9.646628816647993,
        39.515700011036834
    ],
    "tau_syn": [
        5.5,
        8.5,
        2.8,
        5.8
    ],
    "spike_dependent_threshold": false,
    "after_spike_currents": true,
    "adapting_threshold": false
}