{
    "V_m": -65.06631724039717,
    "V_th": -42.89216792781889,
    "g": 2.0427882342812818,
    "E_L": -65.06631724039717,
    "C_m": 61.328006835400046,
    "t_ref": 3.5,
    "V_reset": -65.06631724039717,
    "asc_init": [
        0.0,
        0.0
    ],
    "asc_decay": [
        0.1,
        0.3
    ],
    "asc_amps": [
        -79.80359741590925,
        155.24962694326223
    ],
    "tau_syn": [
        5.5,
        8.5,
        2.8,
        5.8
    ],
    "spike_dependent_threshold": false,
    "after_spike_currents": true,
    "adapting_threshold": false
}