{
    "V_m": -74.10407066345216,
    "V_th": -47.62726010007455,
    "g": 4.397050342612062,
    "E_L": -74.10407066345216,
    "C_m": 56.65264134848712,
    "t_ref": 2.0,
    "V_reset": -74.10407066345216,
    "asc_init": [
        0.0,
        0.0
    ],
    "asc_decay": [
        0.003,
        0.3
    ],
    "asc_amps": [
        -1.7863455641947708,
        12.968508155064763
    ],
    "tau_syn": [
        5.5,
        8.5,
        2.8,
        5.8
    ],
    "spike_dependent_threshold": false,
    "after_spike_currents": true,
    "adapting_threshold": false
}