{
    "V_m": -73.44671058654785,
    "V_th": -44.65860370473815,
    "g": 4.831991506208955,
    "E_L": -73.44671058654785,
    "C_m": 50.04134140584257,
    "t_ref": 2.2500000000000004,
    "V_reset": -73.44671058654785,
    "asc_init": [
        0.0,
        0.0
    ],
    "asc_decay": [
        0.003,
        0.1
    ],
    "asc_amps": [
        -1.3951275871451376,
        -71.29869434634989
    ],
    "tau_syn": [
        5.5,
        8.5,
        2.8,
        5.8
    ],
    "spike_dependent_threshold": false,
    "after_spike_currents": true,
    "adapting_threshold": false
}