{
    "V_m": -74.91962623596193,
    "V_th": -46.282484231712004,
    "g": 5.276904242608319,
    "E_L": -74.91962623596193,
    "C_m": 73.10444767718813,
    "t_ref": 2.2500000000000004,
    "V_reset": -74.91962623596193,
    "asc_init": [
        0.0,
        0.0
    ],
    "asc_decay": [
        0.1,
        0.3
    ],
    "asc_amps": [
        -113.48834619863536,
        214.67620833614228
    ],
    "tau_syn": [
        5.5,
        8.5,
        2.8,
        5.8
    ],
    "spike_dependent_threshold": false,
    "after_spike_currents": true,
    "adapting_threshold": false
}