{
    "V_m": -70.72042274475102,
    "V_th": -43.86572745420452,
    "g": 4.818114298245198,
    "E_L": -70.72042274475102,
    "C_m": 66.879164842876,
    "t_ref": 1.9,
    "V_reset": -70.72042274475102,
    "asc_init": [
        0.0,
        0.0
    ],
    "asc_decay": [
        0.1,
        0.3
    ],
    "asc_amps": [
        -104.6621193618168,
        211.01858419222148
    ],
    "tau_syn": [
        5.5,
        8.5,
        2.8,
        5.8
    ],
    "spike_dependent_threshold": false,
    "after_spike_currents": true,
    "adapting_threshold": false
}