{
    "V_m": -63.503082275390604,
    "V_th": -44.22589645216033,
    "g": 1.428566930963509,
    "E_L": -63.503082275390604,
    "C_m": 35.34147726905277,
    "t_ref": 5.45,
    "V_reset": -63.503082275390604,
    "asc_init": [
        0.0,
        0.0
    ],
    "asc_decay": [
        0.029999999999999992,
        0.1
    ],
    "asc_amps": [
        -16.041403028948825,
        -5.743099165599323
    ],
    "tau_syn": [
        5.5,
        8.5,
        2.8,
        5.8
    ],
    "spike_dependent_threshold": false,
    "after_spike_currents": true,
    "adapting_threshold": false
}