{
    "V_m": -75.45830154418945,
    "V_th": -41.16453777297529,
    "g": 4.5740831534387665,
    "E_L": -75.45830154418945,
    "C_m": 70.83880335913469,
    "t_ref": 2.5,
    "V_reset": -75.45830154418945,
    "asc_init": [
        0.0,
        0.0
    ],
    "asc_decay": [
        0.1,
        0.3
    ],
    "asc_amps": [
        -206.49652153675288,
        509.98002991729896
    ],
    "tau_syn": [
        5.5,
        8.5,
        2.8,
        5.8
    ],
    "spike_dependent_threshold": false,
    "after_spike_currents": true,
    "adapting_threshold": false
}