{
    "V_m": -61.87504959106447,
    "V_th": -42.70922705016278,
    "g": 3.3239942044501953,
    "E_L": -61.87504959106447,
    "C_m": 55.47201023381938,
    "t_ref": 3.3,
    "V_reset": -61.87504959106447,
    "asc_init": [
        0.0,
        0.0
    ],
    "asc_decay": [
        0.003,
        0.1
    ],
    "asc_amps": [
        -8.789935512097694,
        -85.00600236573212
    ],
    "tau_syn": [
        5.5,
        8.5,
        2.8,
        5.8
    ],
    "spike_dependent_threshold": false,
    "after_spike_currents": true,
    "adapting_threshold": false
}