{
    "V_m": -72.99033546447752,
    "V_th": -45.74959296944472,
    "g": 3.496564849524367,
    "E_L": -72.99033546447752,
    "C_m": 41.17817081957807,
    "t_ref": 5.6,
    "V_reset": -72.99033546447752,
    "asc_init": [
        0.0,
        0.0
    ],
    "asc_decay": [
        0.003,
        0.1
    ],
    "asc_amps": [
        -3.927901513129851,
        -88.53972691920686
    ],
    "tau_syn": [
        5.5,
        8.5,
        2.8,
        5.8
    ],
    "spike_dependent_threshold": false,
    "after_spike_currents": true,
    "adapting_threshold": false
}