{
    "V_m": -60.703672409057646,
    "V_th": -40.30547276089246,
    "g": 3.466782354216071,
    "E_L": -60.703672409057646,
    "C_m": 107.23146837642062,
    "t_ref": 9.950000000000001,
    "V_reset": -60.703672409057646,
    "asc_init": [
        0.0,
        0.0
    ],
    "asc_decay": [
        0.01,
        0.029999999999999992
    ],
    "asc_amps": [
        -13.062113718635054,
        -73.84741172103415
    ],
    "tau_syn": [
        5.5,
        8.5,
        2.8,
        5.8
    ],
    "spike_dependent_threshold": false,
    "after_spike_currents": true,
    "adapting_threshold": false
}