{
    "V_m": -70.89942423502605,
    "V_th": -40.76507658641438,
    "g": 2.976591565451243,
    "E_L": -70.89942423502605,
    "C_m": 43.245936711361125,
    "t_ref": 2.85,
    "V_reset": -70.89942423502605,
    "asc_init": [
        0.0,
        0.0
    ],
    "asc_decay": [
        0.01,
        0.1
    ],
    "asc_amps": [
        -13.007998183140648,
        -97.43801056263904
    ],
    "tau_syn": [
        5.5,
        8.5,
        2.8,
        5.8
    ],
    "spike_dependent_threshold": false,
    "after_spike_currents": true,
    "adapting_threshold": false
}