{
    "V_m": -73.58624013264976,
    "V_th": -39.14991173671913,
    "g": 8.339580632453295,
    "E_L": -73.58624013264976,
    "C_m": 78.52786643655114,
    "t_ref": 4.4,
    "V_reset": -73.58624013264976,
    "asc_init": [
        0.0,
        0.0
    ],
    "asc_decay": [
        0.01,
        0.1
    ],
    "asc_amps": [
        -43.76857125559403,
        -199.08664409422016
    ],
    "tau_syn": [
        5.5,
        8.5,
        2.8,
        5.8
    ],
    "spike_dependent_threshold": false,
    "after_spike_currents": true,
    "adapting_threshold": false
}