{
    "V_m": -61.687694549560526,
    "V_th": -38.93806697271722,
    "g": 3.0340778940526154,
    "E_L": -61.687694549560526,
    "C_m": 53.87140033027628,
    "t_ref": 3.95,
    "V_reset": -61.687694549560526,
    "asc_init": [
        0.0,
        0.0
    ],
    "asc_decay": [
        0.01,
        0.1
    ],
    "asc_amps": [
        -17.45062271999108,
        -97.1376809404031
    ],
    "tau_syn": [
        5.5,
        8.5,
        2.8,
        5.8
    ],
    "spike_dependent_threshold": false,
    "after_spike_currents": true,
    "adapting_threshold": false
}