{
    "V_m": -60.63592783610023,
    "V_th": -37.94213209637332,
    "g": 8.88143419672281,
    "E_L": -60.63592783610023,
    "C_m": 102.5519627052743,
    "t_ref": 2.15,
    "V_reset": -60.63592783610023,
    "asc_init": [
        0.0,
        0.0
    ],
    "asc_decay": [
        0.029999999999999992,
        0.1
    ],
    "asc_amps": [
        24.422211067651283,
        -174.9703362185565
    ],
    "tau_syn": [
        5.5,
        8.5,
        2.8,
        5.8
    ],
    "spike_dependent_threshold": false,
    "after_spike_currents": true,
    "adapting_threshold": false
}