{
    "V_m": -80.29234123229979,
    "V_th": -54.32736475630047,
    "g": 14.262995504022829,
    "E_L": -80.29234123229979,
    "C_m": 130.05232677944366,
    "t_ref": 1.9,
    "V_reset": -80.29234123229979,
    "asc_init": [
        0.0,
        0.0
    ],
    "asc_decay": [
        0.1,
        0.3
    ],
    "asc_amps": [
        -70.5525645442061,
        102.41120546785076
    ],
    "tau_syn": [
        5.5,
        8.5,
        2.8,
        5.8
    ],
    "spike_dependent_threshold": false,
    "after_spike_currents": true,
    "adapting_threshold": false
}