{
    "V_m": -65.63065719604491,
    "V_th": -40.545345976646225,
    "g": 3.30802457426831,
    "E_L": -65.63065719604491,
    "C_m": 99.34115774930673,
    "t_ref": 3.4000000000000004,
    "V_reset": -65.63065719604491,
    "asc_init": [
        0.0,
        0.0
    ],
    "asc_decay": [
        0.029999999999999992,
        0.3
    ],
    "asc_amps": [
        -43.87156292501588,
        307.3028071808936
    ],
    "tau_syn": [
        5.5,
        8.5,
        2.8,
        5.8
    ],
    "spike_dependent_threshold": false,
    "after_spike_currents": true,
    "adapting_threshold": false
}