{
    "V_m": -71.9248275756836,
    "V_th": -42.29524573285303,
    "g": 18.619039564621552,
    "E_L": -71.9248275756836,
    "C_m": 155.680317063477,
    "t_ref": 4.25,
    "V_reset": -71.9248275756836,
    "asc_init": [
        0.0,
        0.0
    ],
    "asc_decay": [
        0.003,
        0.1
    ],
    "asc_amps": [
        -17.254551894175407,
        -244.496184305312
    ],
    "tau_syn": [
        5.5,
        8.5,
        2.8,
        5.8
    ],
    "spike_dependent_threshold": false,
    "after_spike_currents": true,
    "adapting_threshold": false
}