{
    "V_m": -72.14724477132161,
    "V_th": -42.68440811482578,
    "g": 3.310123866302519,
    "E_L": -72.14724477132161,
    "C_m": 78.55128762588758,
    "t_ref": 1.9500000000000002,
    "V_reset": -72.14724477132161,
    "asc_init": [
        0.0,
        0.0
    ],
    "asc_decay": [
        0.1,
        0.3
    ],
    "asc_amps": [
        -185.03069054525923,
        546.2374093255125
    ],
    "tau_syn": [
        5.5,
        8.5,
        2.8,
        5.8
    ],
    "spike_dependent_threshold": false,
    "after_spike_currents": true,
    "adapting_threshold": false
}