{
    "V_m": -75.62073262532553,
    "V_th": -50.601961912638814,
    "g": 7.47643112985287,
    "E_L": -75.62073262532553,
    "C_m": 64.18319415748692,
    "t_ref": 1.5,
    "V_reset": -75.62073262532553,
    "asc_init": [
        0.0,
        0.0
    ],
    "asc_decay": [
        0.003,
        0.3
    ],
    "asc_amps": [
        -1.7360144837700455,
        -67.47734282716318
    ],
    "tau_syn": [
        5.5,
        8.5,
        2.8,
        5.8
    ],
    "spike_dependent_threshold": false,
    "after_spike_currents": true,
    "adapting_threshold": false
}