{
    "V_m": -74.08259328206381,
    "V_th": -47.65595890503003,
    "g": 7.631538410297469,
    "E_L": -74.08259328206381,
    "C_m": 62.712807621202266,
    "t_ref": 1.75,
    "V_reset": -74.08259328206381,
    "asc_init": [
        0.0,
        0.0
    ],
    "asc_decay": [
        0.1,
        0.3
    ],
    "asc_amps": [
        -111.9922364351071,
        164.619110677626
    ],
    "tau_syn": [
        5.5,
        8.5,
        2.8,
        5.8
    ],
    "spike_dependent_threshold": false,
    "after_spike_currents": true,
    "adapting_threshold": false
}