{
    "V_m": -73.8941993713379,
    "V_th": -46.02114590216115,
    "g": 3.397425112380104,
    "E_L": -73.8941993713379,
    "C_m": 102.640956485419,
    "t_ref": 2.85,
    "V_reset": -73.8941993713379,
    "asc_init": [
        0.0,
        0.0
    ],
    "asc_decay": [
        0.1,
        0.3
    ],
    "asc_amps": [
        -179.7246870441082,
        600.4880759010525
    ],
    "tau_syn": [
        5.5,
        8.5,
        2.8,
        5.8
    ],
    "spike_dependent_threshold": false,
    "after_spike_currents": true,
    "adapting_threshold": false
}