{
    "V_m": -70.38414001464842,
    "V_th": -42.05133058804596,
    "g": 10.000038315998463,
    "E_L": -70.38414001464842,
    "C_m": 69.86386364309121,
    "t_ref": 1.2000000000000002,
    "V_reset": -70.38414001464842,
    "asc_init": [
        0.0,
        0.0
    ],
    "asc_decay": [
        0.003,
        0.1
    ],
    "asc_amps": [
        -3.296193714554766,
        -32.129539991673745
    ],
    "tau_syn": [
        5.5,
        8.5,
        2.8,
        5.8
    ],
    "spike_dependent_threshold": false,
    "after_spike_currents": true,
    "adapting_threshold": false
}