{
    "V_m": -66.44592857360837,
    "V_th": -39.9147495633723,
    "g": 4.986986940483321,
    "E_L": -66.44592857360837,
    "C_m": 54.39825973082416,
    "t_ref": 1.6,
    "V_reset": -66.44592857360837,
    "asc_init": [
        0.0,
        0.0
    ],
    "asc_decay": [
        0.003,
        0.01
    ],
    "asc_amps": [
        -15.679186577281659,
        29.594157964156196
    ],
    "tau_syn": [
        5.5,
        8.5,
        2.8,
        5.8
    ],
    "spike_dependent_threshold": false,
    "after_spike_currents": true,
    "adapting_threshold": false
}