{
    "V_m": -77.40994771321613,
    "V_th": -46.85699626493344,
    "g": 5.331153302982232,
    "E_L": -77.40994771321613,
    "C_m": 82.26399197040148,
    "t_ref": 4.65,
    "V_reset": -77.40994771321613,
    "asc_init": [
        0.0,
        0.0
    ],
    "asc_decay": [
        0.003,
        0.1
    ],
    "asc_amps": [
        -4.053192489684951,
        -190.84755719073738
    ],
    "tau_syn": [
        5.5,
        8.5,
        2.8,
        5.8
    ],
    "spike_dependent_threshold": false,
    "after_spike_currents": true,
    "adapting_threshold": false
}