{
    "V_m": -72.17967987060547,
    "V_th": -52.362544960999166,
    "g": 1.5924798772909514,
    "E_L": -72.17967987060547,
    "C_m": 35.22063185607186,
    "t_ref": 3.7,
    "V_reset": -72.17967987060547,
    "asc_init": [
        0.0,
        0.0
    ],
    "asc_decay": [
        0.003,
        0.1
    ],
    "asc_amps": [
        -1.307869566750645,
        -37.06609522556545
    ],
    "tau_syn": [
        5.5,
        8.5,
        2.8,
        5.8
    ],
    "spike_dependent_threshold": false,
    "after_spike_currents": true,
    "adapting_threshold": false
}