{
    "V_m": -76.3342310587565,
    "V_th": -36.64950704766106,
    "g": 5.867013612443386,
    "E_L": -76.3342310587565,
    "C_m": 57.19843478917813,
    "t_ref": 2.7,
    "V_reset": -76.3342310587565,
    "asc_init": [
        0.0,
        0.0
    ],
    "asc_decay": [
        0.029999999999999992,
        0.3
    ],
    "asc_amps": [
        -138.87728085574983,
        -142.12687697711505
    ],
    "tau_syn": [
        5.5,
        8.5,
        2.8,
        5.8
    ],
    "spike_dependent_threshold": false,
    "after_spike_currents": true,
    "adapting_threshold": false
}