{
    "V_m": -72.36949412027994,
    "V_th": -42.84141663838184,
    "g": 6.143502038981848,
    "E_L": -72.36949412027994,
    "C_m": 72.96916546119006,
    "t_ref": 1.9500000000000002,
    "V_reset": -72.36949412027994,
    "asc_init": [
        0.0,
        0.0
    ],
    "asc_decay": [
        0.01,
        0.3
    ],
    "asc_amps": [
        -26.168933007662666,
        90.77465807016284
    ],
    "tau_syn": [
        5.5,
        8.5,
        2.8,
        5.8
    ],
    "spike_dependent_threshold": false,
    "after_spike_currents": true,
    "adapting_threshold": false
}