{
    "V_m": -72.28642654418941,
    "V_th": -47.348382349548665,
    "g": 7.010283569716306,
    "E_L": -72.28642654418941,
    "C_m": 157.6520029105322,
    "t_ref": 4.05,
    "V_reset": -72.28642654418941,
    "asc_init": [
        0.0,
        0.0
    ],
    "asc_decay": [
        0.029999999999999992,
        0.1
    ],
    "asc_amps": [
        -63.124205840434165,
        -211.25923995305902
    ],
    "tau_syn": [
        5.5,
        8.5,
        2.8,
        5.8
    ],
    "spike_dependent_threshold": false,
    "after_spike_currents": true,
    "adapting_threshold": false
}