{
    "V_m": -75.72870635986328,
    "V_th": -50.73519540952683,
    "g": 5.569042921650882,
    "E_L": -75.72870635986328,
    "C_m": 45.43982273041997,
    "t_ref": 1.65,
    "V_reset": -75.72870635986328,
    "asc_init": [
        0.0,
        0.0
    ],
    "asc_decay": [
        0.1,
        0.3
    ],
    "asc_amps": [
        -93.47289985864147,
        133.49908226918978
    ],
    "tau_syn": [
        5.5,
        8.5,
        2.8,
        5.8
    ],
    "spike_dependent_threshold": false,
    "after_spike_currents": true,
    "adapting_threshold": false
}