{
    "V_m": -75.6099319458008,
    "V_th": -47.83666614332381,
    "g": 9.355639447190638,
    "E_L": -75.6099319458008,
    "C_m": 73.83181011957552,
    "t_ref": 1.05,
    "V_reset": -75.6099319458008,
    "asc_init": [
        0.0,
        0.0
    ],
    "asc_decay": [
        0.003,
        0.1
    ],
    "asc_amps": [
        -1.61505225592733,
        -38.63103639800323
    ],
    "tau_syn": [
        5.5,
        8.5,
        2.8,
        5.8
    ],
    "spike_dependent_threshold": false,
    "after_spike_currents": true,
    "adapting_threshold": false
}