{
    "V_m": -79.92234547932942,
    "V_th": -51.275465215747275,
    "g": 8.745854443436697,
    "E_L": -79.92234547932942,
    "C_m": 94.93758654107317,
    "t_ref": 2.7500000000000004,
    "V_reset": -79.92234547932942,
    "asc_init": [
        0.0,
        0.0
    ],
    "asc_decay": [
        0.003,
        0.1
    ],
    "asc_amps": [
        -9.30527746886943,
        -203.69005590740377
    ],
    "tau_syn": [
        5.5,
        8.5,
        2.8,
        5.8
    ],
    "spike_dependent_threshold": false,
    "after_spike_currents": true,
    "adapting_threshold": false
}