{
    "V_m": -69.24763488769537,
    "V_th": -47.47508413212134,
    "g": 4.65318939917703,
    "E_L": -69.24763488769537,
    "C_m": 51.231674959338044,
    "t_ref": 1.3000000000000003,
    "V_reset": -69.24763488769537,
    "asc_init": [
        0.0,
        0.0
    ],
    "asc_decay": [
        0.003,
        0.1
    ],
    "asc_amps": [
        -1.556031860486455,
        -16.602622468192525
    ],
    "tau_syn": [
        5.5,
        8.5,
        2.8,
        5.8
    ],
    "spike_dependent_threshold": false,
    "after_spike_currents": true,
    "adapting_threshold": false
}