{
    "V_m": -76.26825141906737,
    "V_th": -36.77399680262291,
    "g": 6.205590544906247,
    "E_L": -76.26825141906737,
    "C_m": 52.343969468527796,
    "t_ref": 1.65,
    "V_reset": -76.26825141906737,
    "asc_init": [
        0.0,
        0.0
    ],
    "asc_decay": [
        0.003,
        0.3
    ],
    "asc_amps": [
        -2.884501115076545,
        -71.13371609999486
    ],
    "tau_syn": [
        5.5,
        8.5,
        2.8,
        5.8
    ],
    "spike_dependent_threshold": false,
    "after_spike_currents": true,
    "adapting_threshold": false
}