{
    "V_m": -73.07223129272461,
    "V_th": -48.73844151072285,
    "g": 4.615801092574322,
    "E_L": -73.07223129272461,
    "C_m": 50.55433180795153,
    "t_ref": 2.0,
    "V_reset": -73.07223129272461,
    "asc_init": [
        0.0,
        0.0
    ],
    "asc_decay": [
        0.1,
        0.3
    ],
    "asc_amps": [
        -96.1513513536342,
        44.971539659892194
    ],
    "tau_syn": [
        5.5,
        8.5,
        2.8,
        5.8
    ],
    "spike_dependent_threshold": false,
    "after_spike_currents": true,
    "adapting_threshold": false
}