{
    "V_m": -83.9795455932617,
    "V_th": -48.07957159627719,
    "g": 3.8657321499578066,
    "E_L": -83.9795455932617,
    "C_m": 77.8987412964777,
    "t_ref": 4.45,
    "V_reset": -83.9795455932617,
    "asc_init": [
        0.0,
        0.0
    ],
    "asc_decay": [
        0.003,
        0.1
    ],
    "asc_amps": [
        -5.957742154494078,
        -178.2029583719509
    ],
    "tau_syn": [
        5.5,
        8.5,
        2.8,
        5.8
    ],
    "spike_dependent_threshold": false,
    "after_spike_currents": true,
    "adapting_threshold": false
}