{
    "V_m": -83.0394490559896,
    "V_th": -46.29499683074287,
    "g": 9.411814868740432,
    "E_L": -83.0394490559896,
    "C_m": 115.90458612489246,
    "t_ref": 2.7500000000000004,
    "V_reset": -83.0394490559896,
    "asc_init": [
        0.0,
        0.0
    ],
    "asc_decay": [
        0.003,
        0.029999999999999992
    ],
    "asc_amps": [
        -8.15204004219944,
        -160.31332118207368
    ],
    "tau_syn": [
        5.5,
        8.5,
        2.8,
        5.8
    ],
    "spike_dependent_threshold": false,
    "after_spike_currents": true,
    "adapting_threshold": false
}