{
    "V_m": -75.53134155273438,
    "V_th": -44.1569779978598,
    "g": 7.307216029803121,
    "E_L": -75.53134155273438,
    "C_m": 91.08499792901826,
    "t_ref": 5.55,
    "V_reset": -75.53134155273438,
    "asc_init": [
        0.0,
        0.0
    ],
    "asc_decay": [
        0.003,
        0.1
    ],
    "asc_amps": [
        -9.619004946614417,
        -261.08254407714
    ],
    "tau_syn": [
        5.5,
        8.5,
        2.8,
        5.8
    ],
    "spike_dependent_threshold": false,
    "after_spike_currents": true,
    "adapting_threshold": false
}