{
    "V_m": -71.38664627075198,
    "V_th": -43.030616541019526,
    "g": 4.744321778019464,
    "E_L": -71.38664627075198,
    "C_m": 82.88182342550918,
    "t_ref": 2.35,
    "V_reset": -71.38664627075198,
    "asc_init": [
        0.0,
        0.0
    ],
    "asc_decay": [
        0.003,
        0.1
    ],
    "asc_amps": [
        -4.058374723896617,
        -50.08746636525504
    ],
    "tau_syn": [
        5.5,
        8.5,
        2.8,
        5.8
    ],
    "spike_dependent_threshold": false,
    "after_spike_currents": true,
    "adapting_threshold": false
}