{
    "V_m": -66.92364692687991,
    "V_th": -44.15280952847901,
    "g": 3.2118405149970672,
    "E_L": -66.92364692687991,
    "C_m": 89.01028347799392,
    "t_ref": 3.1000000000000005,
    "V_reset": -66.92364692687991,
    "asc_init": [
        0.0,
        0.0
    ],
    "asc_decay": [
        0.029999999999999992,
        0.3
    ],
    "asc_amps": [
        -37.81016398146229,
        473.7642231273018
    ],
    "tau_syn": [
        5.5,
        8.5,
        2.8,
        5.8
    ],
    "spike_dependent_threshold": false,
    "after_spike_currents": true,
    "adapting_threshold": false
}