{
    "V_m": -77.08100891113281,
    "V_th": -39.86688166428038,
    "g": 8.197917777051957,
    "E_L": -77.08100891113281,
    "C_m": 161.84108635939032,
    "t_ref": 5.3,
    "V_reset": -77.08100891113281,
    "asc_init": [
        0.0,
        0.0
    ],
    "asc_decay": [
        0.003,
        0.1
    ],
    "asc_amps": [
        -18.6663149327441,
        -252.6983636018218
    ],
    "tau_syn": [
        5.5,
        8.5,
        2.8,
        5.8
    ],
    "spike_dependent_threshold": false,
    "after_spike_currents": true,
    "adapting_threshold": false
}