{
    "V_m": -75.29552968343097,
    "V_th": -42.518281711515286,
    "g": 3.8104369210496003,
    "E_L": -75.29552968343097,
    "C_m": 52.34782538776033,
    "t_ref": 4.3500000000000005,
    "V_reset": -75.29552968343097,
    "asc_init": [
        0.0,
        0.0
    ],
    "asc_decay": [
        0.01,
        0.1
    ],
    "asc_amps": [
        -41.11692374036222,
        -106.87783827207042
    ],
    "tau_syn": [
        5.5,
        8.5,
        2.8,
        5.8
    ],
    "spike_dependent_threshold": false,
    "after_spike_currents": true,
    "adapting_threshold": false
}