{
    "V_m": -71.6102778116862,
    "V_th": -43.3166651076301,
    "g": 7.937496969017731,
    "E_L": -71.6102778116862,
    "C_m": 119.26012042929266,
    "t_ref": 5.75,
    "V_reset": -71.6102778116862,
    "asc_init": [
        0.0,
        0.0
    ],
    "asc_decay": [
        0.003,
        0.1
    ],
    "asc_amps": [
        -19.042538395060856,
        -304.60862018990997
    ],
    "tau_syn": [
        5.5,
        8.5,
        2.8,
        5.8
    ],
    "spike_dependent_threshold": false,
    "after_spike_currents": true,
    "adapting_threshold": false
}