{
    "V_m": -75.31900533040368,
    "V_th": -56.69388839424941,
    "g": 5.831137441037025,
    "E_L": -75.31900533040368,
    "C_m": 89.13814006076147,
    "t_ref": 6.500000000000001,
    "V_reset": -75.31900533040368,
    "asc_init": [
        0.0,
        0.0
    ],
    "asc_decay": [
        0.029999999999999992,
        0.1
    ],
    "asc_amps": [
        -66.9241504037405,
        -137.8120226682511
    ],
    "tau_syn": [
        5.5,
        8.5,
        2.8,
        5.8
    ],
    "spike_dependent_threshold": false,
    "after_spike_currents": true,
    "adapting_threshold": false
}