{
    "V_m": -71.25055185953777,
    "V_th": -41.35853650979671,
    "g": 4.2656138495325315,
    "E_L": -71.25055185953777,
    "C_m": 123.47955713664902,
    "t_ref": 2.6000000000000005,
    "V_reset": -71.25055185953777,
    "asc_init": [
        0.0,
        0.0
    ],
    "asc_decay": [
        0.1,
        0.3
    ],
    "asc_amps": [
        -319.6003479487256,
        1541.2577203382823
    ],
    "tau_syn": [
        5.5,
        8.5,
        2.8,
        5.8
    ],
    "spike_dependent_threshold": false,
    "after_spike_currents": true,
    "adapting_threshold": false
}