{
    "V_m": -72.59513854980469,
    "V_th": -44.533806830029434,
    "g": 2.625199469575083,
    "E_L": -72.59513854980469,
    "C_m": 63.45341236623519,
    "t_ref": 3.7500000000000004,
    "V_reset": -72.59513854980469,
    "asc_init": [
        0.0,
        0.0
    ],
    "asc_decay": [
        0.029999999999999992,
        0.3
    ],
    "asc_amps": [
        -74.29656820021222,
        -211.6516022442624
    ],
    "tau_syn": [
        5.5,
        8.5,
        2.8,
        5.8
    ],
    "spike_dependent_threshold": false,
    "after_spike_currents": true,
    "adapting_threshold": false
}