{
    "V_m": -71.27988688151044,
    "V_th": -43.36235717425378,
    "g": 12.082205613830078,
    "E_L": -71.27988688151044,
    "C_m": 217.3371729447612,
    "t_ref": 9.350000000000001,
    "V_reset": -71.27988688151044,
    "asc_init": [
        0.0,
        0.0
    ],
    "asc_decay": [
        0.029999999999999992,
        0.3
    ],
    "asc_amps": [
        -150.65229979104478,
        -2582.293389357722
    ],
    "tau_syn": [
        5.5,
        8.5,
        2.8,
        5.8
    ],
    "spike_dependent_threshold": false,
    "after_spike_currents": true,
    "adapting_threshold": false
}