{
    "V_m": -70.13335609436035,
    "V_th": -38.533552763965346,
    "g": 3.20023567551308,
    "E_L": -70.13335609436035,
    "C_m": 54.50297019502389,
    "t_ref": 6.25,
    "V_reset": -70.13335609436035,
    "asc_init": [
        0.0,
        0.0
    ],
    "asc_decay": [
        0.01,
        0.1
    ],
    "asc_amps": [
        -12.534504426613994,
        -42.7898704705503
    ],
    "tau_syn": [
        5.5,
        8.5,
        2.8,
        5.8
    ],
    "spike_dependent_threshold": false,
    "after_spike_currents": true,
    "adapting_threshold": false
}