{
    "V_m": -73.56933784484866,
    "V_th": -42.668327135464516,
    "g": 7.949776459046824,
    "E_L": -73.56933784484866,
    "C_m": 126.63383778015918,
    "t_ref": 5.4,
    "V_reset": -73.56933784484866,
    "asc_init": [
        0.0,
        0.0
    ],
    "asc_decay": [
        0.01,
        0.1
    ],
    "asc_amps": [
        -48.979596408215166,
        -142.76419826767264
    ],
    "tau_syn": [
        5.5,
        8.5,
        2.8,
        5.8
    ],
    "spike_dependent_threshold": false,
    "after_spike_currents": true,
    "adapting_threshold": false
}