{
    "V_m": -68.4197082519531,
    "V_th": -41.90269938732692,
    "g": 4.675096615748747,
    "E_L": -68.4197082519531,
    "C_m": 104.37722306593217,
    "t_ref": 6.6,
    "V_reset": -68.4197082519531,
    "asc_init": [
        0.0,
        0.0
    ],
    "asc_decay": [
        0.01,
        0.1
    ],
    "asc_amps": [
        -18.963097504880707,
        -79.4320211941631
    ],
    "tau_syn": [
        5.5,
        8.5,
        2.8,
        5.8
    ],
    "spike_dependent_threshold": false,
    "after_spike_currents": true,
    "adapting_threshold": false
}