{
    "V_m": -72.14732615152997,
    "V_th": -39.3147221100818,
    "g": 4.283539592823779,
    "E_L": -72.14732615152997,
    "C_m": 60.88211989523995,
    "t_ref": 4.3,
    "V_reset": -72.14732615152997,
    "asc_init": [
        0.0,
        0.0
    ],
    "asc_decay": [
        0.01,
        0.1
    ],
    "asc_amps": [
        -34.130708185266606,
        -131.86047538360455
    ],
    "tau_syn": [
        5.5,
        8.5,
        2.8,
        5.8
    ],
    "spike_dependent_threshold": false,
    "after_spike_currents": true,
    "adapting_threshold": false
}