{
    "V_m": -77.7573356628418,
    "V_th": -53.50714324838194,
    "g": 4.092528749383137,
    "E_L": -77.7573356628418,
    "C_m": 51.61421332622266,
    "t_ref": 6.3,
    "V_reset": -77.7573356628418,
    "asc_init": [
        0.0,
        0.0
    ],
    "asc_decay": [
        0.029999999999999992,
        0.1
    ],
    "asc_amps": [
        -35.37969802433167,
        -52.35391881333088
    ],
    "tau_syn": [
        5.5,
        8.5,
        2.8,
        5.8
    ],
    "spike_dependent_threshold": false,
    "after_spike_currents": true,
    "adapting_threshold": false
}