{
    "V_m": -73.36669540405275,
    "V_th": -50.046113805259424,
    "g": 6.666838574596342,
    "E_L": -73.36669540405275,
    "C_m": 69.27439463647495,
    "t_ref": 4.75,
    "V_reset": -73.36669540405275,
    "asc_init": [
        0.0,
        0.0
    ],
    "asc_decay": [
        0.029999999999999992,
        0.3
    ],
    "asc_amps": [
        -51.54900410083815,
        -248.57888906941002
    ],
    "tau_syn": [
        5.5,
        8.5,
        2.8,
        5.8
    ],
    "spike_dependent_threshold": false,
    "after_spike_currents": true,
    "adapting_threshold": false
}