{
    "V_m": -63.85416412353517,
    "V_th": -40.74136545727666,
    "g": 3.2632346660468885,
    "E_L": -63.85416412353517,
    "C_m": 58.39870565339774,
    "t_ref": 2.35,
    "V_reset": -63.85416412353517,
    "asc_init": [
        0.0,
        0.0
    ],
    "asc_decay": [
        0.1,
        0.3
    ],
    "asc_amps": [
        -120.60606903381782,
        260.7228086547653
    ],
    "tau_syn": [
        5.5,
        8.5,
        2.8,
        5.8
    ],
    "spike_dependent_threshold": false,
    "after_spike_currents": true,
    "adapting_threshold": false
}