{
    "V_m": -75.50377082824703,
    "V_th": -45.37831290686471,
    "g": 4.807319250273126,
    "E_L": -75.50377082824703,
    "C_m": 92.28636456906071,
    "t_ref": 6.9,
    "V_reset": -75.50377082824703,
    "asc_init": [
        0.0,
        0.0
    ],
    "asc_decay": [
        0.029999999999999992,
        0.3
    ],
    "asc_amps": [
        -64.7661518655395,
        -354.0452328295448
    ],
    "tau_syn": [
        5.5,
        8.5,
        2.8,
        5.8
    ],
    "spike_dependent_threshold": false,
    "after_spike_currents": true,
    "adapting_threshold": false
}