{
    "V_m": -69.46337509155276,
    "V_th": -46.67661032041259,
    "g": 4.097336666916731,
    "E_L": -69.46337509155276,
    "C_m": 40.52991625004542,
    "t_ref": 2.15,
    "V_reset": -69.46337509155276,
    "asc_init": [
        0.0,
        0.0
    ],
    "asc_decay": [
        0.1,
        0.3
    ],
    "asc_amps": [
        -146.72279068356943,
        214.94220950191072
    ],
    "tau_syn": [
        5.5,
        8.5,
        2.8,
        5.8
    ],
    "spike_dependent_threshold": false,
    "after_spike_currents": true,
    "adapting_threshold": false
}