{
    "V_m": -69.1232884724935,
    "V_th": -33.59098668181293,
    "g": 4.4704693973804055,
    "E_L": -69.1232884724935,
    "C_m": 52.42355885477379,
    "t_ref": 4.05,
    "V_reset": -69.1232884724935,
    "asc_init": [
        0.0,
        0.0
    ],
    "asc_decay": [
        0.01,
        0.3
    ],
    "asc_amps": [
        -36.87170093595622,
        58.257445127438785
    ],
    "tau_syn": [
        5.5,
        8.5,
        2.8,
        5.8
    ],
    "spike_dependent_threshold": false,
    "after_spike_currents": true,
    "adapting_threshold": false
}