{
    "V_m": -75.31689643859865,
    "V_th": -37.95685356118905,
    "g": 5.721127138651791,
    "E_L": -75.31689643859865,
    "C_m": 65.50428751946647,
    "t_ref": 4.05,
    "V_reset": -75.31689643859865,
    "asc_init": [
        0.0,
        0.0
    ],
    "asc_decay": [
        0.003,
        0.029999999999999992
    ],
    "asc_amps": [
        -17.81851805712484,
        -55.12630608327255
    ],
    "tau_syn": [
        5.5,
        8.5,
        2.8,
        5.8
    ],
    "spike_dependent_threshold": false,
    "after_spike_currents": true,
    "adapting_threshold": false
}