{
    "V_m": -72.0784206390381,
    "V_th": -36.16904724017551,
    "g": 4.415349961670608,
    "E_L": -72.0784206390381,
    "C_m": 46.637337636244965,
    "t_ref": 4.45,
    "V_reset": -72.0784206390381,
    "asc_init": [
        0.0,
        0.0
    ],
    "asc_decay": [
        0.01,
        0.3
    ],
    "asc_amps": [
        -30.82252225505155,
        64.70453105353054
    ],
    "tau_syn": [
        5.5,
        8.5,
        2.8,
        5.8
    ],
    "spike_dependent_threshold": false,
    "after_spike_currents": true,
    "adapting_threshold": false
}