{
    "V_m": -73.97731526692706,
    "V_th": -41.17010767587273,
    "g": 6.02606942396027,
    "E_L": -73.97731526692706,
    "C_m": 84.49260744373069,
    "t_ref": 3.8,
    "V_reset": -73.97731526692706,
    "asc_init": [
        0.0,
        0.0
    ],
    "asc_decay": [
        0.01,
        0.1
    ],
    "asc_amps": [
        -67.07753497874542,
        -180.38759512248637
    ],
    "tau_syn": [
        5.5,
        8.5,
        2.8,
        5.8
    ],
    "spike_dependent_threshold": false,
    "after_spike_currents": true,
    "adapting_threshold": false
}