{
    "V_m": -74.68127822875975,
    "V_th": -38.43254429843602,
    "g": 3.9377127904118514,
    "E_L": -74.68127822875975,
    "C_m": 65.81556766630742,
    "t_ref": 4.15,
    "V_reset": -74.68127822875975,
    "asc_init": [
        0.0,
        0.0
    ],
    "asc_decay": [
        0.01,
        0.3
    ],
    "asc_amps": [
        -35.32762938392498,
        251.8411431890337
    ],
    "tau_syn": [
        5.5,
        8.5,
        2.8,
        5.8
    ],
    "spike_dependent_threshold": false,
    "after_spike_currents": true,
    "adapting_threshold": false
}