{
    "V_m": -76.83733622233075,
    "V_th": -52.21226322491883,
    "g": 9.068343851478629,
    "E_L": -76.83733622233075,
    "C_m": 65.55996866026213,
    "t_ref": 2.65,
    "V_reset": -76.83733622233075,
    "asc_init": [
        0.0,
        0.0
    ],
    "asc_decay": [
        0.003,
        0.3
    ],
    "asc_amps": [
        -1.5371268650534076,
        -215.4997535263712
    ],
    "tau_syn": [
        5.5,
        8.5,
        2.8,
        5.8
    ],
    "spike_dependent_threshold": false,
    "after_spike_currents": true,
    "adapting_threshold": false
}