{
    "V_m": -74.37954711914064,
    "V_th": -48.15863098923897,
    "g": 4.072081209166439,
    "E_L": -74.37954711914064,
    "C_m": 59.849201567236705,
    "t_ref": 3.7,
    "V_reset": -74.37954711914064,
    "asc_init": [
        0.0,
        0.0
    ],
    "asc_decay": [
        0.003,
        0.1
    ],
    "asc_amps": [
        -2.2737519515220597,
        -108.0583843621624
    ],
    "tau_syn": [
        5.5,
        8.5,
        2.8,
        5.8
    ],
    "spike_dependent_threshold": false,
    "after_spike_currents": true,
    "adapting_threshold": false
}