{
    "V_m": -74.7707786560059,
    "V_th": -45.52479136657397,
    "g": 6.077635738161382,
    "E_L": -74.7707786560059,
    "C_m": 62.35143279397965,
    "t_ref": 2.5500000000000003,
    "V_reset": -74.7707786560059,
    "asc_init": [
        0.0,
        0.0
    ],
    "asc_decay": [
        0.003,
        0.3
    ],
    "asc_amps": [
        -0.587061830060089,
        -235.0118142528274
    ],
    "tau_syn": [
        5.5,
        8.5,
        2.8,
        5.8
    ],
    "spike_dependent_threshold": false,
    "after_spike_currents": true,
    "adapting_threshold": false
}