{
    "V_m": -69.00063514709473,
    "V_th": -44.35624153123028,
    "g": 5.070694818301012,
    "E_L": -69.00063514709473,
    "C_m": 54.039165245507334,
    "t_ref": 1.65,
    "V_reset": -69.00063514709473,
    "asc_init": [
        0.0,
        0.0
    ],
    "asc_decay": [
        0.1,
        0.3
    ],
    "asc_amps": [
        -135.7460998936543,
        222.89694586384692
    ],
    "tau_syn": [
        5.5,
        8.5,
        2.8,
        5.8
    ],
    "spike_dependent_threshold": false,
    "after_spike_currents": true,
    "adapting_threshold": false
}